,url,label
0,https://ladi.s3-us-west-2.amazonaws.com/Images/FEMA_CAP/9073/613931/010_0530_e719b341-4884-4f61-856a-69d24e33ed8b.jpg,True
1,https://ladi.s3-us-west-2.amazonaws.com/Images/FEMA_CAP/9074/613711/DSC_0314_91fddbd1-45f0-4a87-8c1e-d74c4e19fc5e.jpg,True
2,https://ladi.s3-us-west-2.amazonaws.com/Images/FEMA_CAP/9073/613941/DSC_3969_2fdcd31d-92ff-4678-afbd-ca86a64e6bc3.jpg,True
3,https://ladi.s3-us-west-2.amazonaws.com/Images/FEMA_CAP/9073/613829/DSC_8742_0d7a1866-96a6-45f2-9275-d3edbc7f133d.jpg,True
4,https://ladi.s3-us-west-2.amazonaws.com/Images/FEMA_CAP/9096/615125/MarkBail_4a2bd2e0-a628-4ebe-9a2a-5d0d8f310a17.jpg,True
5,https://ladi.s3-us-west-2.amazonaws.com/Images/FEMA_CAP/9073/613577/DSC_0480_ea9b4d24-8ad8-4f1e-a5d0-4f61597ec098.jpg,True
6,https://ladi.s3-us-west-2.amazonaws.com/Images/FEMA_CAP/3047/291529/CAP_0311_dc54c010-42fc-4993-a1a7-449e1fe552d4.jpg,True
7,https://ladi.s3-us-west-2.amazonaws.com/Images/FEMA_CAP/3043/291621/DSC_1143_30788d3e-8ffd-4aa9-8eab-e2369692db38.jpg,True
8,https://ladi.s3-us-west-2.amazonaws.com/Images/FEMA_CAP/9096/615125/MarkBail_5f77f6f3-2f8b-4111-aff6-edaf5b9be8b2.jpg,True
9,https://ladi.s3-us-west-2.amazonaws.com/Images/FEMA_CAP/9073/613828/020_4713_3868378f-f8d1-40f3-9229-512edc410650.jpg,True
10,https://ladi.s3-us-west-2.amazonaws.com/Images/FEMA_CAP/9075/614066/A0007_AP_eb3eb04e-3519-4217-b559-27d907c81562.jpg,True
11,https://ladi.s3-us-west-2.amazonaws.com/Images/FEMA_CAP/3033/231175/CAPIberv_1396c400-01df-4e45-a288-90820bde0f5e.jpg,True
12,https://ladi.s3-us-west-2.amazonaws.com/Images/FEMA_CAP/9096/615126/SteveBla_ab444197-caee-45d8-91bf-80038d3543df.jpg,True
13,https://ladi.s3-us-west-2.amazonaws.com/Images/FEMA_CAP/9073/613546/DSC_0644_2fac86a3-316c-4ef6-a233-fef3884c73d7.jpg,True
14,https://ladi.s3-us-west-2.amazonaws.com/Images/FEMA_CAP/9073/613560/DSC_0019_a2c9640d-08a8-42f9-b970-ff409771d105.jpg,True
15,https://ladi.s3-us-west-2.amazonaws.com/Images/FEMA_CAP/3045/291518/DSC_1103_1c3fcfce-adcf-472b-b1b1-c8c6e3aaf361.jpg,True
16,https://ladi.s3-us-west-2.amazonaws.com/Images/FEMA_CAP/3043/291595/DSC_5875_6c6bef97-9364-4a15-a3d9-861d2abb59ee.jpg,True
17,https://ladi.s3-us-west-2.amazonaws.com/Images/FEMA_CAP/9073/613829/DSC_8910_5b8f0ed3-e8e9-4323-b806-a3e8579b6098.jpg,True
18,https://ladi.s3-us-west-2.amazonaws.com/Images/FEMA_CAP/2016/70332/DSC_0612_77003a7e-4d2b-4a1c-a4b7-7031106c3c46.jpg,True
19,https://ladi.s3-us-west-2.amazonaws.com/Images/FEMA_CAP/3043/291611/DSC_0316_b905801c-b662-45ad-acc4-5d256cb4abeb.jpg,True
20,https://ladi.s3-us-west-2.amazonaws.com/Images/FEMA_CAP/1013/20211/DSC_1000_994057b1-0532-426a-9034-78ba02889d7c.jpg,True
21,https://ladi.s3-us-west-2.amazonaws.com/Images/FEMA_CAP/3043/291619/DSC_0174_36ccb754-b3ba-48ce-9de8-c694eda16ea4.jpg,True
22,https://ladi.s3-us-west-2.amazonaws.com/Images/FEMA_CAP/9073/613542/DSC_0378_aaf5284f-a46b-4429-a5b0-63f513d8c9c8.jpg,True
23,https://ladi.s3-us-west-2.amazonaws.com/Images/FEMA_CAP/3033/231168/CAP010Li_2e4365f2-dc9d-4d40-b4fc-070d140913c5.jpg,True
24,https://ladi.s3-us-west-2.amazonaws.com/Images/FEMA_CAP/9073/613546/DSC_0674_0c6ac1d4-1d4b-4481-9d71-b1865e4bd6cb.jpg,True
25,https://ladi.s3-us-west-2.amazonaws.com/Images/FEMA_CAP/9073/613547/DSC_0401_93264c4a-2891-4594-b252-82b2f77da843.jpg,True
26,https://ladi.s3-us-west-2.amazonaws.com/Images/FEMA_CAP/9074/613786/DSC_318_7df8b5ee-e042-4c05-988a-b106d3ff10d9.jpg,True
27,https://ladi.s3-us-west-2.amazonaws.com/Images/FEMA_CAP/9073/613934/010_9924_8422397d-46bc-4965-88ad-76bd9bc9a25d.jpg,True
28,https://ladi.s3-us-west-2.amazonaws.com/Images/FEMA_CAP/9073/613538/DSC_0175_28be4666-dedd-4330-8a99-b2179ea375b4.jpg,True
29,https://ladi.s3-us-west-2.amazonaws.com/Images/FEMA_CAP/1013/20186/CAP_2020_ec901820-fa08-4bfe-b393-ffce3b60b3cd.jpg,True
30,https://ladi.s3-us-west-2.amazonaws.com/Images/FEMA_CAP/9073/613940/DSC_1316_f3b2e269-bff4-4f11-8f57-5e9014ba5cb8.jpg,True
31,https://ladi.s3-us-west-2.amazonaws.com/Images/FEMA_CAP/3043/291669/DSC_0170_6ef6c77d-c7d8-41c8-a69d-ada23f52c177.jpg,True
32,https://ladi.s3-us-west-2.amazonaws.com/Images/FEMA_CAP/9073/613823/DSC_1731_064ad298-f5f8-43f3-8b26-323f6a2ed757.jpg,True
33,https://ladi.s3-us-west-2.amazonaws.com/Images/FEMA_CAP/9150/616087/DSC_4012_f8afa970-c177-4359-a5d8-940e5f26951e.jpg,True
34,https://ladi.s3-us-west-2.amazonaws.com/Images/FEMA_CAP/9073/613556/DSC_1043_eff88de7-6b0b-4d9f-a8b9-0c4416dd573f.jpg,True
35,https://ladi.s3-us-west-2.amazonaws.com/Images/FEMA_CAP/9073/613894/DSC_5165_dc196258-7c1d-4d45-b5e8-832fab8c92b2.jpg,True
36,https://ladi.s3-us-west-2.amazonaws.com/Images/FEMA_CAP/9073/613556/DSC_1375_15a30813-f635-470e-a292-88c56023ad7e.jpg,True
37,https://ladi.s3-us-west-2.amazonaws.com/Images/FEMA_CAP/1013/20187/DSC_0289_49331b84-61c0-4398-b349-5b345bbdf630.jpg,True
38,https://ladi.s3-us-west-2.amazonaws.com/Images/FEMA_CAP/9073/613586/DSC_0716_2db12553-92c8-4114-8f27-a1c5a858d85c.jpg,True
39,https://ladi.s3-us-west-2.amazonaws.com/Images/FEMA_CAP/9113/615622/DSC_0472_cd72d5c5-3c42-4c3c-8fe0-d25222155f02.jpg,True
40,https://ladi.s3-us-west-2.amazonaws.com/Images/FEMA_CAP/9073/613901/DSC_7582_7e92e648-9a5e-404c-8748-bd2f1259a929.jpg,True
41,https://ladi.s3-us-west-2.amazonaws.com/Images/FEMA_CAP/9074/613811/DSC_0862_68733ce9-5456-4a9f-8600-40c31d76d05c.jpg,True
42,https://ladi.s3-us-west-2.amazonaws.com/Images/FEMA_CAP/9074/613727/DSC_0618_aed9730d-b063-4146-ab0e-053b7cda0779.jpg,True
43,https://ladi.s3-us-west-2.amazonaws.com/Images/FEMA_CAP/9073/613940/DSC_1860_211137f2-5446-4f36-82c3-7c72df6cda3b.jpg,True
44,https://ladi.s3-us-west-2.amazonaws.com/Images/FEMA_CAP/3043/291618/DSC_7223_bd1ad2f2-8dee-4d84-ac14-757e0374aeeb.jpg,True
45,https://ladi.s3-us-west-2.amazonaws.com/Images/FEMA_CAP/3043/291632/DSC_0177_d6eea607-2b14-4cc6-add3-16c8eb7a9a79.jpg,True
46,https://ladi.s3-us-west-2.amazonaws.com/Images/FEMA_CAP/9073/613824/DSC_1489_3efa50e5-36ed-4968-b79d-29a7b8e9f576.jpg,True
47,https://ladi.s3-us-west-2.amazonaws.com/Images/FEMA_CAP/9096/615133/DavidBen_9b4a5c16-3910-4b48-9ea9-2ccebe1ceea3.jpg,True
48,https://ladi.s3-us-west-2.amazonaws.com/Images/FEMA_CAP/9073/613890/DSC_4253_e43e951d-e32e-45fb-b2cb-69213f9e730f.jpg,True
49,https://ladi.s3-us-west-2.amazonaws.com/Images/FEMA_CAP/3043/291575/DSC_0014_d6331f75-f05d-4030-aa6f-4666e0db365b.jpg,True
50,https://ladi.s3-us-west-2.amazonaws.com/Images/FEMA_CAP/9073/613546/DSC_0639_0af78c56-52ed-496c-b015-387e0ecd350e.jpg,True
51,https://ladi.s3-us-west-2.amazonaws.com/Images/FEMA_CAP/9157/616220/DSC_8323_4ac6bdea-39da-4709-9c2b-e76ccfe81482.jpg,True
52,https://ladi.s3-us-west-2.amazonaws.com/Images/FEMA_CAP/9073/613577/DSC_0952_a165d504-d98d-4a14-9f71-462ebae3633a.jpg,True
53,https://ladi.s3-us-west-2.amazonaws.com/Images/FEMA_CAP/9074/613811/DSC_0778_cbc2b3c5-c2d6-4f00-b9e0-fbbe0a361098.jpg,True
54,https://ladi.s3-us-west-2.amazonaws.com/Images/FEMA_CAP/9073/613824/DSC_1889_509a30a8-1725-49b6-9f3f-7ea2466b4d86.jpg,True
55,https://ladi.s3-us-west-2.amazonaws.com/Images/FEMA_CAP/9073/613941/DSC_4529_93dd6f3a-b03f-4e66-be5d-3ac741bede58.jpg,True
56,https://ladi.s3-us-west-2.amazonaws.com/Images/FEMA_CAP/9073/613574/A67_0994_2fff7f5b-f3c9-464c-aa1e-2f39987d4f31.jpg,True
57,https://ladi.s3-us-west-2.amazonaws.com/Images/FEMA_CAP/9073/613941/DSC_4306_669268bc-060c-4d02-a626-5eeef82c1e3a.jpg,True
58,https://ladi.s3-us-west-2.amazonaws.com/Images/FEMA_CAP/9074/613794/DSC_3448_3f238643-fe65-4dc5-88f0-550c706cc315.jpg,True
59,https://ladi.s3-us-west-2.amazonaws.com/Images/FEMA_CAP/9073/613828/020_4516_7f73676e-197c-4daa-a3aa-4de35d6d3e30.jpg,True
60,https://ladi.s3-us-west-2.amazonaws.com/Images/FEMA_CAP/9073/613542/DSC_0302_fa3be8e2-7882-4567-a4ae-3ca2afafbd7f.jpg,True
61,https://ladi.s3-us-west-2.amazonaws.com/Images/FEMA_CAP/9073/613551/DSC_1049_7d4b30a5-b5bf-46c5-99b2-43342ef10d3b.jpg,True
62,https://ladi.s3-us-west-2.amazonaws.com/Images/FEMA_CAP/9074/613803/DSC_1832_8936b720-0cea-47a6-8d59-9b118a52f658.jpg,True
63,https://ladi.s3-us-west-2.amazonaws.com/Images/FEMA_CAP/9073/613946/DSC_7260_3e2f5e4e-f650-41a5-8482-17ef5ef79702.jpg,True
64,https://ladi.s3-us-west-2.amazonaws.com/Images/FEMA_CAP/9073/613546/DSC_0391_53e4b5cb-f1a8-498e-8504-1ff08f18bbd7.jpg,True
65,https://ladi.s3-us-west-2.amazonaws.com/Images/FEMA_CAP/9073/613556/DSC_0039_991b70f9-f62b-4a02-9cc5-48bab2042158.jpg,True
66,https://ladi.s3-us-west-2.amazonaws.com/Images/FEMA_CAP/9073/613828/020_4223_0dddb5a0-67eb-4bac-b9c0-c03af9aadbc2.jpg,True
67,https://ladi.s3-us-west-2.amazonaws.com/Images/FEMA_CAP/9074/613739/DSC_1458_81b495b0-2fc2-4f66-a586-dc565ddc1745.jpg,True
68,https://ladi.s3-us-west-2.amazonaws.com/Images/FEMA_CAP/1013/20211/DSC_1075_bdbef369-74d9-44ee-b632-ef02fec09c97.jpg,True
69,https://ladi.s3-us-west-2.amazonaws.com/Images/FEMA_CAP/9073/613943/DSC_2720_54159403-5976-43fb-ab1f-93fe7e8ea636.jpg,True
70,https://ladi.s3-us-west-2.amazonaws.com/Images/FEMA_CAP/9073/613941/DSC_4323_94870e49-e0ca-4e90-a8a0-f850e4dee3c7.jpg,True
71,https://ladi.s3-us-west-2.amazonaws.com/Images/FEMA_CAP/9073/613547/DSC_0762_dce581a3-3eec-4ec1-9eac-466a9dfaa36f.jpg,True
72,https://ladi.s3-us-west-2.amazonaws.com/Images/FEMA_CAP/9073/613551/DSC_0332_f92fe25e-c31e-4040-ac58-84d7535b3e82.jpg,True
73,https://ladi.s3-us-west-2.amazonaws.com/Images/FEMA_CAP/3041/241288/DSC_1766_cb5d2e7c-e864-41e7-b3b1-993237347b00.jpg,True
74,https://ladi.s3-us-west-2.amazonaws.com/Images/FEMA_CAP/9074/613911/DSC_2234_758c6b79-1686-4d10-a128-49c2990a6230.jpg,True
75,https://ladi.s3-us-west-2.amazonaws.com/Images/FEMA_CAP/3043/291670/DSC_0322_ae80be17-7f4f-4fae-b89b-9908a9b29c8c.jpg,True
76,https://ladi.s3-us-west-2.amazonaws.com/Images/FEMA_CAP/9073/613827/DSC_9027_52f68a22-5c40-49cd-a075-469fb49ddf08.jpg,True
77,https://ladi.s3-us-west-2.amazonaws.com/Images/FEMA_CAP/9096/615122/FLO_1298_0c5328a3-69f6-4b2f-a838-e72382377731.jpg,True
78,https://ladi.s3-us-west-2.amazonaws.com/Images/FEMA_CAP/5/211136/DSC_0202_bd3499aa-5a6b-4941-b48b-e52f0eaad60f.jpg,True
79,https://ladi.s3-us-west-2.amazonaws.com/Images/FEMA_CAP/1013/20199/DSC_0161_d156cb47-463c-4276-bd41-fba089add84d.jpg,True
80,https://ladi.s3-us-west-2.amazonaws.com/Images/FEMA_CAP/3045/291508/DSC_1500_c36c9cb5-de90-4c73-9a17-defda6b18d63.jpg,True
81,https://ladi.s3-us-west-2.amazonaws.com/Images/FEMA_CAP/9073/613547/DSC_3347_5268f1f4-8055-414b-a55a-143824dd3a74.jpg,True
82,https://ladi.s3-us-west-2.amazonaws.com/Images/FEMA_CAP/3043/291629/DSC_0356_f0e5a33a-0b24-4cee-8d79-b0c097d7bb41.jpg,True
83,https://ladi.s3-us-west-2.amazonaws.com/Images/FEMA_CAP/9073/613828/020_2622_3670547e-4a4b-422e-aa84-c1a50c6aabf4.jpg,True
84,https://ladi.s3-us-west-2.amazonaws.com/Images/FEMA_CAP/9073/613551/DSC_1273_b5f8f1f7-727d-43d1-ab7a-9e23bf6adb77.jpg,True
85,https://ladi.s3-us-west-2.amazonaws.com/Images/FEMA_CAP/9073/613947/DSC_1448_9f93645c-e2e7-41d8-b9a5-10cffaafb8a2.jpg,True
86,https://ladi.s3-us-west-2.amazonaws.com/Images/FEMA_CAP/9073/613937/DSC_0012_b3b7fa77-4c86-445d-aebc-3e1369b91303.jpg,True
87,https://ladi.s3-us-west-2.amazonaws.com/Images/FEMA_CAP/9074/613783/ABW_0329_7e350342-7e5a-4834-bcf0-d78cc97974f8.jpg,True
88,https://ladi.s3-us-west-2.amazonaws.com/Images/FEMA_CAP/9096/615127/TimCooli_1fd89f18-ed4a-4e69-8b9d-5bc2786ec1b2.jpg,True
89,https://ladi.s3-us-west-2.amazonaws.com/Images/FEMA_CAP/9073/613827/DSC_8844_80b326bf-2aec-497f-8d8a-6853f98b6fe2.jpg,True
90,https://ladi.s3-us-west-2.amazonaws.com/Images/FEMA_CAP/9073/613547/DSC_1114_2983fc20-71f7-4b40-b592-a7f346635c69.jpg,True
91,https://ladi.s3-us-west-2.amazonaws.com/Images/FEMA_CAP/9073/613948/DSC_3358_ccd7d731-2747-4fc7-b780-c63e966bdeb0.jpg,True
92,https://ladi.s3-us-west-2.amazonaws.com/Images/FEMA_CAP/9073/613903/DSC_0324_c50761f6-fdc9-43f4-baea-d73b80f20ebf.jpg,True
93,https://ladi.s3-us-west-2.amazonaws.com/Images/FEMA_CAP/3043/291562/DSC_0030_2f4a87d6-d8e7-4e03-84a6-8a71b9747ea5.jpg,True
94,https://ladi.s3-us-west-2.amazonaws.com/Images/FEMA_CAP/3043/291523/CAP_1342_81e2dbfe-685a-427d-a196-9b47bb9fc81a.jpg,True
95,https://ladi.s3-us-west-2.amazonaws.com/Images/FEMA_CAP/9073/613547/DSC_0125_a0dd078c-12a4-4798-bbce-3b8814892b22.jpg,True
96,https://ladi.s3-us-west-2.amazonaws.com/Images/FEMA_CAP/9073/613827/DSC_8941_62adea70-4e9e-42dc-b9ac-fcff86405bb4.jpg,True
97,https://ladi.s3-us-west-2.amazonaws.com/Images/FEMA_CAP/9096/615132/joebell-_ab6b4794-7422-481c-acfe-9fff012bdaca.jpg,True
98,https://ladi.s3-us-west-2.amazonaws.com/Images/FEMA_CAP/9096/615123/ChrisPet_43f3c6d7-3590-4fb5-aaf0-991311644c84.jpg,True
99,https://ladi.s3-us-west-2.amazonaws.com/Images/FEMA_CAP/9074/613799/DSC_2528_efaedb93-d70b-4c5c-a172-2821f9b0d867.jpg,True
100,https://ladi.s3-us-west-2.amazonaws.com/Images/FEMA_CAP/9073/613904/CAP_2225_faab3f0f-1ef9-4847-be06-9c913ff8715f.jpg,True
101,https://ladi.s3-us-west-2.amazonaws.com/Images/FEMA_CAP/9073/613542/DSC_0846_a48c34ad-868b-48d5-bf69-a807ec354261.jpg,True
102,https://ladi.s3-us-west-2.amazonaws.com/Images/FEMA_CAP/9073/613940/DSC_1806_b90257a1-a517-4c4a-98be-5f9ae4044414.jpg,True
103,https://ladi.s3-us-west-2.amazonaws.com/Images/FEMA_CAP/9073/613556/DSC_1506_43089cdc-aaf1-4aea-b8d0-049fa2b69d30.jpg,True
104,https://ladi.s3-us-west-2.amazonaws.com/Images/FEMA_CAP/9121/615662/DSC_0073_793438f4-f6f1-42f3-bbff-2ef0491f7303.jpg,True
105,https://ladi.s3-us-west-2.amazonaws.com/Images/FEMA_CAP/9073/613942/DSC_1610_a0e8ab63-0acb-4d9e-965a-d1e94d9d28fb.jpg,True
106,https://ladi.s3-us-west-2.amazonaws.com/Images/FEMA_CAP/9073/613827/DSC_9266_30ccbd09-be6a-4226-bb25-a5c16208450e.jpg,True
107,https://ladi.s3-us-west-2.amazonaws.com/Images/FEMA_CAP/9073/613899/DSC_3591_f41ab026-1a15-44c0-b255-1480522ad54d.jpg,True
108,https://ladi.s3-us-west-2.amazonaws.com/Images/FEMA_CAP/2024/221180/010_2620_70cc60d2-0127-4e34-b3cb-a9bcdc285ba9.jpg,True
109,https://ladi.s3-us-west-2.amazonaws.com/Images/FEMA_CAP/1013/20195/DSC_0189_e7e6aa46-45c3-4712-a0bc-36e62f27cc13.jpg,True
110,https://ladi.s3-us-west-2.amazonaws.com/Images/FEMA_CAP/9073/613548/DSC_1536_1a09a679-8d57-4dd1-8c42-6e1fb6ffe2ef.jpg,True
111,https://ladi.s3-us-west-2.amazonaws.com/Images/FEMA_CAP/9073/613894/DSC_5829_56ed54c9-9bca-4b04-8d5f-ba0b8f68ab22.jpg,True
112,https://ladi.s3-us-west-2.amazonaws.com/Images/FEMA_CAP/9073/613802/48f2c624-c1bb-4f46-8000-1458d097e904.jpg,True
113,https://ladi.s3-us-west-2.amazonaws.com/Images/FEMA_CAP/9073/613900/DSC_5258_d7708aa6-f687-49c8-b90c-ee1689a8cc99.jpg,True
114,https://ladi.s3-us-west-2.amazonaws.com/Images/FEMA_CAP/9096/615126/SteveBla_9b5d2d71-5b98-4c94-b58c-71cc7e0ea780.jpg,True
115,https://ladi.s3-us-west-2.amazonaws.com/Images/FEMA_CAP/9096/615123/ChrisPet_d5aad807-2d51-4d52-b600-c1677bae50f2.jpg,True
116,https://ladi.s3-us-west-2.amazonaws.com/Images/FEMA_CAP/9073/613543/DSC_0744_95902b8a-1567-4310-b60a-7870f265326a.jpg,True
117,https://ladi.s3-us-west-2.amazonaws.com/Images/FEMA_CAP/9073/613538/DSC_0246_16529312-0fa4-4496-bc56-ef53c42bc943.jpg,True
118,https://ladi.s3-us-west-2.amazonaws.com/Images/FEMA_CAP/9073/613543/DSC_0302_5ceda75f-21cb-4f1b-9b63-c6a379825974.jpg,True
119,https://ladi.s3-us-west-2.amazonaws.com/Images/FEMA_CAP/9073/613586/DSC_0699_0711136b-754c-4f5c-91c9-9515b60564a1.jpg,True
120,https://ladi.s3-us-west-2.amazonaws.com/Images/FEMA_CAP/9073/613887/DSC_1969_14aaa789-dfa7-461c-834a-f9bb264eca38.jpg,True
121,https://ladi.s3-us-west-2.amazonaws.com/Images/FEMA_CAP/9074/613734/ALW_4627_4186bc0d-b4ca-4b7d-9b72-9f7cdfdef4ef.jpg,True
122,https://ladi.s3-us-west-2.amazonaws.com/Images/FEMA_CAP/9096/615040/FLR_1943_2973600d-12c5-4348-9f72-bef49835af16.jpg,True
123,https://ladi.s3-us-west-2.amazonaws.com/Images/FEMA_CAP/9096/615132/JoeBell-_38251eaf-0795-414f-b151-a63f8029f8c7.jpg,True
124,https://ladi.s3-us-west-2.amazonaws.com/Images/FEMA_CAP/9074/613783/ABW_0342_7f0eb800-d7d3-4e01-956d-bf100ebd8f39.jpg,True
125,https://ladi.s3-us-west-2.amazonaws.com/Images/FEMA_CAP/9075/613951/DSC_5067_fe1c6288-51be-493a-adeb-b1a70749e171.jpg,True
126,https://ladi.s3-us-west-2.amazonaws.com/Images/FEMA_CAP/9096/615127/TimCooli_47e9ee36-a719-4d2c-8fce-a11a9c45e2e4.jpg,True
127,https://ladi.s3-us-west-2.amazonaws.com/Images/FEMA_CAP/9073/613829/DSC_0379_6543ae7c-97a1-4db0-b259-c72efa10f7a4.jpg,True
128,https://ladi.s3-us-west-2.amazonaws.com/Images/FEMA_CAP/9073/613555/DSC_0946_5e7737f5-3fcb-4c58-a258-bdc11bdc7791.jpg,True
129,https://ladi.s3-us-west-2.amazonaws.com/Images/FEMA_CAP/3043/291534/_DSC0435_7421189f-2c3e-4af9-a7b7-63d72cd0fba9.jpg,True
130,https://ladi.s3-us-west-2.amazonaws.com/Images/FEMA_CAP/2024/221180/010_2559_bcb2c822-6b41-4f87-a511-ebba3cdd0653.jpg,True
131,https://ladi.s3-us-west-2.amazonaws.com/Images/FEMA_CAP/1013/20195/DSC_0746_924189b9-119c-4bd2-a8a3-a2c9d36e4be8.jpg,True
132,https://ladi.s3-us-west-2.amazonaws.com/Images/FEMA_CAP/9074/613727/DSC_0609_243b0f2a-1b37-4ed8-b2c1-ba2bc3293554.jpg,True
133,https://ladi.s3-us-west-2.amazonaws.com/Images/FEMA_CAP/9073/613548/DSC_0522_ee782a95-d699-44fa-9cf0-f25734e3b323.jpg,True
134,https://ladi.s3-us-west-2.amazonaws.com/Images/FEMA_CAP/9073/613556/DSC_0223_e2fb8d9f-c0c0-421c-81d5-8a93c086fb15.jpg,True
135,https://ladi.s3-us-west-2.amazonaws.com/Images/FEMA_CAP/5/614224/DSC_8115_d4c32a49-1232-408a-9bd5-cb32745dbddf.jpg,True
136,https://ladi.s3-us-west-2.amazonaws.com/Images/FEMA_CAP/9075/613998/A0013-81_96cd4009-5355-4e1a-81e1-31362c6517de.jpg,True
137,https://ladi.s3-us-west-2.amazonaws.com/Images/FEMA_CAP/9073/613548/DSC_0061_19c4ac1b-398e-48dc-8198-1306f2ff2a74.jpg,True
138,https://ladi.s3-us-west-2.amazonaws.com/Images/FEMA_CAP/9073/613551/DSC_0142_61cf0f58-38a2-4318-b0b6-85c5f398fbe8.jpg,True
139,https://ladi.s3-us-west-2.amazonaws.com/Images/FEMA_CAP/3033/231175/CAPIberv_fb9aeec1-02cf-4fbd-89ef-b1ff1acb7841.jpg,True
140,https://ladi.s3-us-west-2.amazonaws.com/Images/FEMA_CAP/9073/613806/2dacbc5b-5135-4445-bff0-29bac499831a.jpg,True
141,https://ladi.s3-us-west-2.amazonaws.com/Images/FEMA_CAP/9073/613884/DSC_8357_71f0d781-6730-44bd-ad1a-eb0164d03e55.jpg,True
142,https://ladi.s3-us-west-2.amazonaws.com/Images/FEMA_CAP/9073/613899/DSC_3544_78fea71f-acf4-4960-b004-8d458f2bfa79.jpg,True
143,https://ladi.s3-us-west-2.amazonaws.com/Images/FEMA_CAP/9073/613538/DSC_1044_65770527-54bb-44f0-9c7e-3b405921a601.jpg,True
144,https://ladi.s3-us-west-2.amazonaws.com/Images/FEMA_CAP/3041/241288/DSC_1566_3b95a374-e23b-4940-96b2-30558c36dc3f.jpg,True
145,https://ladi.s3-us-west-2.amazonaws.com/Images/FEMA_CAP/1013/20212/DSC_0380_21788f94-51c7-42fa-ae1b-494f4adee29d.jpg,True
146,https://ladi.s3-us-west-2.amazonaws.com/Images/FEMA_CAP/9073/613543/DSC_0207_2bdfcdbf-a423-44ad-a39e-102f5e01e6f0.jpg,True
147,https://ladi.s3-us-west-2.amazonaws.com/Images/FEMA_CAP/9075/614011/A0008AP-_93d2b136-dd23-4445-858c-ee9bc885a626.jpg,True
148,https://ladi.s3-us-west-2.amazonaws.com/Images/FEMA_CAP/3043/291534/_DSC0572_02bd0ea3-cba3-437a-a76c-0aba06aeaf3e.jpg,True
149,https://ladi.s3-us-west-2.amazonaws.com/Images/FEMA_CAP/9073/613823/DSC_1808_acf511f0-4ffe-4651-b4c2-78a0b68d542c.jpg,True
150,https://ladi.s3-us-west-2.amazonaws.com/Images/FEMA_CAP/9073/613829/DSC_9485_7c1d29ba-218d-4119-aa20-450aeeb076aa.jpg,True
151,https://ladi.s3-us-west-2.amazonaws.com/Images/FEMA_CAP/9074/613770/DSC_3760_87ad7252-1cf0-455f-ad53-31cfec143c4b.jpg,True
152,https://ladi.s3-us-west-2.amazonaws.com/Images/FEMA_CAP/9073/613802/03a4f748-bf86-4822-8e09-1ebcacd70cc5.jpg,True
153,https://ladi.s3-us-west-2.amazonaws.com/Images/FEMA_CAP/9073/613942/DSC_2006_2166ad61-aa86-4ff1-9c64-d034d023b938.jpg,True
154,https://ladi.s3-us-west-2.amazonaws.com/Images/FEMA_CAP/9074/613739/DSC_1573_c214ea5e-2610-494f-b445-7a18df359eaf.jpg,True
155,https://ladi.s3-us-west-2.amazonaws.com/Images/FEMA_CAP/9074/613771/DSC_3528_3b9c2c25-7348-4fec-b204-f3fe1bf0d011.jpg,True
156,https://ladi.s3-us-west-2.amazonaws.com/Images/FEMA_CAP/9073/613547/DSC_2405_1e41ba87-6f50-41c8-b4f2-63d55b11e8ea.jpg,True
157,https://ladi.s3-us-west-2.amazonaws.com/Images/FEMA_CAP/3043/291556/DSC_1894_7479fa38-2db1-49fd-b614-c59ffc677218.jpg,True
158,https://ladi.s3-us-west-2.amazonaws.com/Images/FEMA_CAP/9073/613928/DSC_0958_4c6dc20f-2148-4bb0-b406-f33b097a5148.jpg,True
159,https://ladi.s3-us-west-2.amazonaws.com/Images/FEMA_CAP/9073/613574/A67_1330_d443ebe9-9165-4913-963c-c7d4ff060596.jpg,True
160,https://ladi.s3-us-west-2.amazonaws.com/Images/FEMA_CAP/9073/613551/DSC_0892_fec08f06-d227-4399-b68e-10e28dd37498.jpg,True
161,https://ladi.s3-us-west-2.amazonaws.com/Images/FEMA_CAP/9073/613942/DSC_1653_392bbdb1-8299-4f09-a6da-ad993789ff31.jpg,True
162,https://ladi.s3-us-west-2.amazonaws.com/Images/FEMA_CAP/3043/291618/DSC_7217_cb924c00-0811-4e0f-b0b2-77b618230b16.jpg,True
163,https://ladi.s3-us-west-2.amazonaws.com/Images/FEMA_CAP/9073/613822/_CAP1428_04ef0cb3-3a86-42a4-b91f-b467f68c0dde.jpg,True
164,https://ladi.s3-us-west-2.amazonaws.com/Images/FEMA_CAP/9073/613802/62fef189-d0c0-4a0b-b7e7-b2339c1bac40.jpg,True
165,https://ladi.s3-us-west-2.amazonaws.com/Images/FEMA_CAP/9073/613939/DSC_0957_339f65be-6228-4ed8-a714-8705d998a2d5.jpg,True
166,https://ladi.s3-us-west-2.amazonaws.com/Images/FEMA_CAP/9073/613823/DSC_1059_e322d893-c985-48f7-8e39-7776bcaf570e.jpg,True
167,https://ladi.s3-us-west-2.amazonaws.com/Images/FEMA_CAP/9073/613544/DSC_0287_7f272f0d-2830-4565-9830-1702c0d742bd.jpg,True
168,https://ladi.s3-us-west-2.amazonaws.com/Images/FEMA_CAP/9073/613551/DSC_0532_d1017b81-e758-4bf2-bde1-e1322b394cda.jpg,True
169,https://ladi.s3-us-west-2.amazonaws.com/Images/FEMA_CAP/9073/613939/DSC_1056_453064a0-545c-43f9-a373-d26dc3b08131.jpg,True
170,https://ladi.s3-us-west-2.amazonaws.com/Images/FEMA_CAP/9073/613538/DSC_1162_bf01045d-2a20-4ee3-ba9f-7d5cab5cfa05.jpg,True
171,https://ladi.s3-us-west-2.amazonaws.com/Images/FEMA_CAP/1013/20173/16-1-337_94a6ce2d-0cc7-4ab5-b524-e18984b261ac.jpg,True
172,https://ladi.s3-us-west-2.amazonaws.com/Images/FEMA_CAP/9073/613546/DSC_0870_d6f65c62-ff7d-4021-9596-496e340446b8.jpg,True
173,https://ladi.s3-us-west-2.amazonaws.com/Images/FEMA_CAP/9073/613828/020_2788_9eeb8a63-22ff-4dc0-bec8-c50c357c38b4.jpg,True
174,https://ladi.s3-us-west-2.amazonaws.com/Images/FEMA_CAP/3043/291652/DSC_0013_b2f03c8a-ec17-43e6-95e7-9bf9ac50046f.jpg,True
175,https://ladi.s3-us-west-2.amazonaws.com/Images/FEMA_CAP/9124/615920/_DSC0166_7349dcef-58a0-48a3-a3a0-c05d37672855.jpg,True
176,https://ladi.s3-us-west-2.amazonaws.com/Images/FEMA_CAP/9073/613538/DSC_0331_7e306cb4-29b5-4208-a07d-1b079cf2500b.jpg,True
177,https://ladi.s3-us-west-2.amazonaws.com/Images/FEMA_CAP/9073/613934/010_9799_0e1019fd-12a4-4a5d-b324-6c29c09146b9.jpg,True
178,https://ladi.s3-us-west-2.amazonaws.com/Images/FEMA_CAP/9074/613833/DSC_1132_0dba9124-2d23-4cc6-b09e-d283c4226357.jpg,True
179,https://ladi.s3-us-west-2.amazonaws.com/Images/FEMA_CAP/9073/613586/DSC_1074_8a49fca8-2df5-4304-82ec-a244446556b6.jpg,True
180,https://ladi.s3-us-west-2.amazonaws.com/Images/FEMA_CAP/3043/291595/DSC_5503_22abf360-de3d-4aaa-a28d-288354d495b0.jpg,True
181,https://ladi.s3-us-west-2.amazonaws.com/Images/FEMA_CAP/9073/613546/DSC_0158_4a240685-9e21-49b6-8b4b-28950fec0a7e.jpg,True
182,https://ladi.s3-us-west-2.amazonaws.com/Images/FEMA_CAP/9075/614138/A0006_AP_44571acb-2404-4d45-bdef-108511a4bea1.jpg,True
183,https://ladi.s3-us-west-2.amazonaws.com/Images/FEMA_CAP/9073/613555/DSC_0511_00d80666-efee-4d8f-8e18-9ef3a8b45dee.jpg,True
184,https://ladi.s3-us-west-2.amazonaws.com/Images/FEMA_CAP/9075/614021/AP0063AP_5cb4488c-a307-451f-884d-65aa8357abbf.jpg,True
185,https://ladi.s3-us-west-2.amazonaws.com/Images/FEMA_CAP/9073/613944/020_8935_3cf6bda9-046d-4066-bf57-c8115c35d2ff.jpg,True
186,https://ladi.s3-us-west-2.amazonaws.com/Images/FEMA_CAP/3043/291636/DSC_0260_e7e0a31b-471c-4f6c-82de-2caff624a14f.jpg,True
187,https://ladi.s3-us-west-2.amazonaws.com/Images/FEMA_CAP/9074/613833/DSC_1644_1c8f2b13-2bee-41ba-830d-8fb834d229df.jpg,True
188,https://ladi.s3-us-west-2.amazonaws.com/Images/FEMA_CAP/9074/613883/DSC_1568_b1ddbd5c-55b4-4e54-85d8-2205b91ed4f2.jpg,True
189,https://ladi.s3-us-west-2.amazonaws.com/Images/FEMA_CAP/9096/615088/DSC_1093_1c44d362-10e0-43a7-8aff-df1891bd32f8.jpg,True
190,https://ladi.s3-us-west-2.amazonaws.com/Images/FEMA_CAP/9132/615935/DSC_1550_3aa5a7b7-d7f1-4da0-897b-3fbeb1aa1bcb.jpg,True
191,https://ladi.s3-us-west-2.amazonaws.com/Images/FEMA_CAP/9096/615088/DSC_1119_8b423a37-96bd-49d6-9dd3-768683e52a1c.jpg,True
192,https://ladi.s3-us-west-2.amazonaws.com/Images/FEMA_CAP/9073/613547/DSC_3688_7ebe7e44-1cc4-40e2-8974-6f892b31747c.jpg,True
193,https://ladi.s3-us-west-2.amazonaws.com/Images/FEMA_CAP/9073/613808/DSC_05096fa3a7be-f2c4-4b07-bc37-f16eba629ef9.jpg,True
194,https://ladi.s3-us-west-2.amazonaws.com/Images/FEMA_CAP/2024/100502/010_1474_3cff188b-ea84-4452-b19a-b6d0b9279c48.jpg,True
195,https://ladi.s3-us-west-2.amazonaws.com/Images/FEMA_CAP/9073/613542/DSC_0221_cf429e56-ec5e-4291-a72b-a9db66f418cc.jpg,True
196,https://ladi.s3-us-west-2.amazonaws.com/Images/FEMA_CAP/9073/613939/DSC_0526_3e5bc9d6-a0f5-4c70-97cb-8364856d6164.jpg,True
197,https://ladi.s3-us-west-2.amazonaws.com/Images/FEMA_CAP/9073/613828/020_2712_6fa7a01b-f8f8-46f2-a812-dd1ef55be5c5.jpg,True
198,https://ladi.s3-us-west-2.amazonaws.com/Images/FEMA_CAP/9073/613542/DSC_0858_9bed9c4d-163f-4107-bda8-55e951f2ea01.jpg,True
199,https://ladi.s3-us-west-2.amazonaws.com/Images/FEMA_CAP/3033/231175/CAPIberv_e0e48964-b3d8-4a13-802a-488f8ac7b167.jpg,True
200,https://ladi.s3-us-west-2.amazonaws.com/Images/FEMA_CAP/3043/291534/_DSC0490_85f07880-008c-4d43-a362-1235cf080e80.jpg,True
201,https://ladi.s3-us-west-2.amazonaws.com/Images/FEMA_CAP/2024/221180/010_2665_40a07339-8b5f-4200-b8cd-17790d81f518.jpg,True
202,https://ladi.s3-us-west-2.amazonaws.com/Images/FEMA_CAP/9073/613946/DSC_5282_79811908-46d8-4d6b-ab75-a12c9d9fcb7e.jpg,True
203,https://ladi.s3-us-west-2.amazonaws.com/Images/FEMA_CAP/1013/20147/DSC_1583_3eedb6bb-da5a-4e50-bcbe-765338370ef7.jpg,True
204,https://ladi.s3-us-west-2.amazonaws.com/Images/FEMA_CAP/9073/613904/CAP_1500_35c99b03-498f-48bc-bf78-808c9bbbbe11.jpg,True
205,https://ladi.s3-us-west-2.amazonaws.com/Images/FEMA_CAP/1013/20199/DSC_0145_626fb975-e861-4eab-a436-658280da27e7.jpg,True
206,https://ladi.s3-us-west-2.amazonaws.com/Images/FEMA_CAP/9073/613900/DSC_5402_11882b3f-9d05-478e-9082-d56b25b91428.jpg,True
207,https://ladi.s3-us-west-2.amazonaws.com/Images/FEMA_CAP/9073/613894/DSC_5099_f611b5f0-6c8b-4ec9-995c-077cda231438.jpg,True
208,https://ladi.s3-us-west-2.amazonaws.com/Images/FEMA_CAP/3043/291665/CAP_3789_e2c64897-0905-42d9-a5b0-079284feb8c7.jpg,True
209,https://ladi.s3-us-west-2.amazonaws.com/Images/FEMA_CAP/9073/613555/DSC_0803_0b13cd18-1597-44a7-b2ed-07f182ded3a1.jpg,True
210,https://ladi.s3-us-west-2.amazonaws.com/Images/FEMA_CAP/3043/291650/DSC_0235_152eff8b-e8b3-4619-8219-03affbf26c57.jpg,True
211,https://ladi.s3-us-west-2.amazonaws.com/Images/FEMA_CAP/9073/613901/DSC_8557_a62f925d-73f6-4d41-9873-521a98edecca.jpg,True
212,https://ladi.s3-us-west-2.amazonaws.com/Images/FEMA_CAP/9073/613927/DSC_0769_ed9fc0b4-db32-43fa-9dd4-b521bb592df9.jpg,True
213,https://ladi.s3-us-west-2.amazonaws.com/Images/FEMA_CAP/3033/231165/010_2350_0baeaf38-e5fc-4460-a6fd-d7f7adc2092f.jpg,True
214,https://ladi.s3-us-west-2.amazonaws.com/Images/FEMA_CAP/9074/613711/DSC_0362_a2bad034-b4c6-46e5-ab4a-ebd9708fff05.jpg,True
215,https://ladi.s3-us-west-2.amazonaws.com/Images/FEMA_CAP/9073/613944/020_9240_bae26d5c-2b9e-4f48-95e0-b65a4289ddc1.jpg,True
216,https://ladi.s3-us-west-2.amazonaws.com/Images/FEMA_CAP/9074/613744/DSC_0367_58f3316a-b539-42b4-b2f2-6ba2886fca49.jpg,True
217,https://ladi.s3-us-west-2.amazonaws.com/Images/FEMA_CAP/9073/613546/DSC_0550_1a01aa0f-16e5-48f3-acf8-c83ea1586da1.jpg,True
218,https://ladi.s3-us-west-2.amazonaws.com/Images/FEMA_CAP/9075/614023/A0069AP-_f6e73350-bdb3-4909-999d-f6a89af97111.jpg,True
219,https://ladi.s3-us-west-2.amazonaws.com/Images/FEMA_CAP/3043/291665/CAP_3748_b8a84869-86be-4fd0-b3dd-00149d123762.jpg,True
220,https://ladi.s3-us-west-2.amazonaws.com/Images/FEMA_CAP/9096/615009/DSC_0218_651132a8-2bf6-4937-a40c-b185096cc350.jpg,True
221,https://ladi.s3-us-west-2.amazonaws.com/Images/FEMA_CAP/9073/613940/DSC_1956_e6b44c93-e19d-4c40-be8d-9aa65c0bae0e.jpg,True
222,https://ladi.s3-us-west-2.amazonaws.com/Images/FEMA_CAP/9096/615127/TimCooli_c3efe93e-18c4-42c3-813c-6baa89d6b138.jpg,True
223,https://ladi.s3-us-west-2.amazonaws.com/Images/FEMA_CAP/9073/613823/DSC_1100_41d3b0b3-fa32-4234-8f9a-7fb2ee4dc8b5.jpg,True
224,https://ladi.s3-us-west-2.amazonaws.com/Images/FEMA_CAP/9073/613538/DSC_0998_5ba448fd-04b3-4a3e-ad50-892bc069c188.jpg,True
225,https://ladi.s3-us-west-2.amazonaws.com/Images/FEMA_CAP/9096/615040/FLR_1944_1034baa5-3a47-460c-b554-04c79bc3c1db.jpg,True
226,https://ladi.s3-us-west-2.amazonaws.com/Images/FEMA_CAP/2024/100502/010_1282_99809b0c-fc64-46e5-957f-7ff8e7547d8c.jpg,True
227,https://ladi.s3-us-west-2.amazonaws.com/Images/FEMA_CAP/9096/615057/DSC_0233_5adcd596-a844-42e6-8fd1-691584f86c7e.jpg,True
228,https://ladi.s3-us-west-2.amazonaws.com/Images/FEMA_CAP/9073/613819/_CAP2084_a8083909-eb21-4ab9-94de-1f4022bf6eca.jpg,True
229,https://ladi.s3-us-west-2.amazonaws.com/Images/FEMA_CAP/3043/291664/DSC_3980_8d797e27-a726-44d3-a91f-25952ff4cd9b.jpg,True
230,https://ladi.s3-us-west-2.amazonaws.com/Images/FEMA_CAP/3042/291530/DSC_1211_43077fb6-ee8f-4baf-b933-c53fbb31fdfc.jpg,True
231,https://ladi.s3-us-west-2.amazonaws.com/Images/FEMA_CAP/9073/613941/DSC_3993_89d12ce7-8afa-4396-86ea-9ab4b7b8367d.jpg,True
232,https://ladi.s3-us-west-2.amazonaws.com/Images/FEMA_CAP/9096/615125/MarkBail_48cc11cb-7791-4a3d-a40f-648bacc4666a.jpg,True
233,https://ladi.s3-us-west-2.amazonaws.com/Images/FEMA_CAP/9096/615125/MarkBail_98c70599-65f4-418b-b677-08e07f659667.jpg,True
234,https://ladi.s3-us-west-2.amazonaws.com/Images/FEMA_CAP/9073/613942/DSC_1737_ce1fb3a2-a364-4446-b231-9b9aa3ba2261.jpg,True
235,https://ladi.s3-us-west-2.amazonaws.com/Images/FEMA_CAP/3045/291518/DSC_0451_4ba5f8b3-cceb-4aa8-a175-37190b87d063.jpg,True
236,https://ladi.s3-us-west-2.amazonaws.com/Images/FEMA_CAP/9099/615162/DSC_3925_f14d6e78-81b6-4764-bb5c-e1a0354cd6ce.jpg,True
237,https://ladi.s3-us-west-2.amazonaws.com/Images/FEMA_CAP/3033/231175/CAPIberv_03af4047-5cae-41b2-b36d-077b66e5c259.jpg,True
238,https://ladi.s3-us-west-2.amazonaws.com/Images/FEMA_CAP/9073/613823/DSC_1084_b49e6371-b185-44e9-b5da-437617b36bfe.jpg,True
239,https://ladi.s3-us-west-2.amazonaws.com/Images/FEMA_CAP/9073/613947/DSC_4482_d3a14758-9d45-4e8a-a6f0-de1703b31e99.jpg,True
240,https://ladi.s3-us-west-2.amazonaws.com/Images/FEMA_CAP/9073/613900/DSC_4673_9921056e-03b7-4a7f-9b8b-302fbd0031f2.jpg,True
241,https://ladi.s3-us-west-2.amazonaws.com/Images/FEMA_CAP/3043/291534/_DSC0535_443815c2-9e0d-4c9f-b47b-e286d940fbb6.jpg,True
242,https://ladi.s3-us-west-2.amazonaws.com/Images/FEMA_CAP/9096/615028/DSC_7142_6f320005-836d-4271-b6fc-557d8de20f9e.jpg,True
243,https://ladi.s3-us-west-2.amazonaws.com/Images/FEMA_CAP/3043/291523/CAP_1350_e00bb58f-a149-457d-a754-8137402203f0.jpg,True
244,https://ladi.s3-us-west-2.amazonaws.com/Images/FEMA_CAP/9096/615048/DSC_0144_46670802-cb0f-4f0d-9eec-8e674203f11b.jpg,True
245,https://ladi.s3-us-west-2.amazonaws.com/Images/FEMA_CAP/9073/613828/020_3078_b454d54e-c906-4fd8-8872-cf3412a26785.jpg,True
246,https://ladi.s3-us-west-2.amazonaws.com/Images/FEMA_CAP/3043/291611/DSC_0447_0be9f6e6-c1f3-4f09-a969-8abeec0688fc.jpg,True
247,https://ladi.s3-us-west-2.amazonaws.com/Images/FEMA_CAP/3042/291497/DSC_0175_12883fec-19ba-478d-902f-1174f0b1fa11.jpg,True
248,https://ladi.s3-us-west-2.amazonaws.com/Images/FEMA_CAP/9073/613549/DSC_0804_63c34d94-940f-4dcf-bf05-47bbc15ec857.jpg,True
249,https://ladi.s3-us-west-2.amazonaws.com/Images/FEMA_CAP/1013/20186/CAP_2125_82c65941-36ee-4d46-9467-075814a9c97a.jpg,True
250,https://ladi.s3-us-west-2.amazonaws.com/Images/FEMA_CAP/3043/291610/DSC_0093_c40c57d2-b870-49b0-8aba-e577b3d9c1e0.jpg,True
251,https://ladi.s3-us-west-2.amazonaws.com/Images/FEMA_CAP/9096/615127/TimCooli_f9063eb4-01e9-45ec-a84d-521c6ce8a4c9.jpg,True
252,https://ladi.s3-us-west-2.amazonaws.com/Images/FEMA_CAP/9096/615016/DSC_6928_75d24a53-ca33-4c50-9e15-40d736af5359.jpg,True
253,https://ladi.s3-us-west-2.amazonaws.com/Images/FEMA_CAP/9073/613900/DSC_5057_75e85595-74a4-471d-888d-6f1a3e81dc56.jpg,True
254,https://ladi.s3-us-west-2.amazonaws.com/Images/FEMA_CAP/1013/20253/DSC_0115_fbf93baa-3708-4486-9289-06e268a7033a.jpg,True
255,https://ladi.s3-us-west-2.amazonaws.com/Images/FEMA_CAP/9096/615053/965_3893_5a636161-c3e0-485e-997e-f4314bebdf77.jpg,True
256,https://ladi.s3-us-west-2.amazonaws.com/Images/FEMA_CAP/2024/221180/010_2260_b1709bcb-8351-4953-a0dc-13cfd7592307.jpg,True
257,https://ladi.s3-us-west-2.amazonaws.com/Images/FEMA_CAP/3045/291576/DSC_0952_6df5a4ce-acfe-4f26-a75c-e377705dd393.jpg,True
258,https://ladi.s3-us-west-2.amazonaws.com/Images/FEMA_CAP/5/614892/VIRB0178_0dc4cec8-2436-43a5-a551-988601a501e0.jpg,True
259,https://ladi.s3-us-west-2.amazonaws.com/Images/FEMA_CAP/9074/613732/DSC_1260_4d8e655f-1f6b-434c-9217-cd0ed0d76ef4.jpg,True
260,https://ladi.s3-us-west-2.amazonaws.com/Images/FEMA_CAP/2024/221180/010_2636_5036800d-94d1-488b-88f9-2967229e124c.jpg,True
261,https://ladi.s3-us-west-2.amazonaws.com/Images/FEMA_CAP/1013/20187/DSC_0291_8a9c11af-49cb-48e9-af3d-34c82e7cd81e.jpg,True
262,https://ladi.s3-us-west-2.amazonaws.com/Images/FEMA_CAP/9073/613904/CAP_3082_02e76059-2f83-46df-9210-5d33b29660ac.jpg,True
263,https://ladi.s3-us-west-2.amazonaws.com/Images/FEMA_CAP/9073/613586/DSC_1588_0338a1bf-18f1-400f-9866-33bafb61a566.jpg,True
264,https://ladi.s3-us-west-2.amazonaws.com/Images/FEMA_CAP/2024/221180/010_2480_fa657423-1fd4-4e9a-9ac9-4295b672d40b.jpg,True
265,https://ladi.s3-us-west-2.amazonaws.com/Images/FEMA_CAP/9096/615127/TimCooli_60744735-912b-4665-b16b-f4c3fd106cf6.jpg,True
266,https://ladi.s3-us-west-2.amazonaws.com/Images/FEMA_CAP/9074/613743/DSC_0271_2016b1c8-794e-4c62-b99a-d45d9664ff3c.jpg,True
267,https://ladi.s3-us-west-2.amazonaws.com/Images/FEMA_CAP/9073/613586/DSC_1057_1addc0d4-2713-44db-a447-ae2014025d03.jpg,True
268,https://ladi.s3-us-west-2.amazonaws.com/Images/FEMA_CAP/9096/615110/DSC_0091_0129361f-a9a1-41a8-bc7c-3a96b2de57ff.jpg,True
269,https://ladi.s3-us-west-2.amazonaws.com/Images/FEMA_CAP/9073/613937/DSC_1493_d2d3a361-4872-48ee-8c5d-2e8296df0522.jpg,True
270,https://ladi.s3-us-west-2.amazonaws.com/Images/FEMA_CAP/3042/291501/DSC_0043_0652b5b4-b322-420f-b5c7-ed28ba8762dd.jpg,True
271,https://ladi.s3-us-west-2.amazonaws.com/Images/FEMA_CAP/9073/613555/DSC_0306_69730f95-98f8-4b6e-be18-c306222ed701.jpg,True
272,https://ladi.s3-us-west-2.amazonaws.com/Images/FEMA_CAP/3043/291556/DSC_1890_324c518e-af2e-48fc-9a62-c735bdb0bd79.jpg,True
273,https://ladi.s3-us-west-2.amazonaws.com/Images/FEMA_CAP/3042/291499/DSC_0372_37c3876e-b5db-4806-ab56-49ec1e85ced7.jpg,True
274,https://ladi.s3-us-west-2.amazonaws.com/Images/FEMA_CAP/3043/291559/CAP_3623_e2b943e3-3f18-49fa-9adf-4414a4719a2c.jpg,True
275,https://ladi.s3-us-west-2.amazonaws.com/Images/FEMA_CAP/9073/613828/020_4321_56eb62f2-3a82-461f-bb39-b695da057e0e.jpg,True
276,https://ladi.s3-us-west-2.amazonaws.com/Images/FEMA_CAP/3043/291595/DSC_5461_b251808b-6f73-4de5-a925-91de6fe6f492.jpg,True
277,https://ladi.s3-us-west-2.amazonaws.com/Images/FEMA_CAP/9073/613901/DSC_7169_7de5f94e-c346-4def-b6b8-4bc00917041b.jpg,True
278,https://ladi.s3-us-west-2.amazonaws.com/Images/FEMA_CAP/9096/615125/MarkBail_18d6a5fb-d370-48c7-af48-e8f501629c03.jpg,True
279,https://ladi.s3-us-west-2.amazonaws.com/Images/FEMA_CAP/9073/613827/DSC_8738_5ad7d5d6-c9c4-4083-aee7-b62480590a62.jpg,True
280,https://ladi.s3-us-west-2.amazonaws.com/Images/FEMA_CAP/9075/614006/A0020004_2e1792e7-5404-4601-94d6-c5de18ca5370.jpg,True
281,https://ladi.s3-us-west-2.amazonaws.com/Images/FEMA_CAP/3043/291663/DSC_0249_247633f5-55f7-4ce7-9f73-878c919b4104.jpg,True
282,https://ladi.s3-us-west-2.amazonaws.com/Images/FEMA_CAP/9073/613828/020_2848_a060c904-de06-420e-9d57-69c4e08fc4ad.jpg,True
283,https://ladi.s3-us-west-2.amazonaws.com/Images/FEMA_CAP/3043/291633/DSC_3617_bb2123fe-303d-439b-8294-214578dc3a2c.jpg,True
284,https://ladi.s3-us-west-2.amazonaws.com/Images/FEMA_CAP/3045/291508/DSC_2064_d91f9bf3-629a-4dfd-a6f2-03a317d1ee5a.jpg,True
285,https://ladi.s3-us-west-2.amazonaws.com/Images/FEMA_CAP/9073/613547/DSC_2763_909da88b-3298-495f-a3c3-1da149c136e7.jpg,True
286,https://ladi.s3-us-west-2.amazonaws.com/Images/FEMA_CAP/9073/613828/020_4004_1c42438d-280b-4dc1-847d-321c47477a6d.jpg,True
287,https://ladi.s3-us-west-2.amazonaws.com/Images/FEMA_CAP/3043/291629/DSC_1007_1b9580b2-5423-486a-84b3-b8a88c295999.jpg,True
288,https://ladi.s3-us-west-2.amazonaws.com/Images/FEMA_CAP/9073/613577/DSC_0389_08135c38-fcf3-4e6c-96b8-f92dcf11d61f.jpg,True
289,https://ladi.s3-us-west-2.amazonaws.com/Images/FEMA_CAP/9073/613551/DSC_0067_2d6b45aa-6f79-4f81-b3a7-a902a6872d7a.jpg,True
290,https://ladi.s3-us-west-2.amazonaws.com/Images/FEMA_CAP/9073/613802/acb646ca-2f99-4806-adf2-c1ced1b4a439.jpg,True
291,https://ladi.s3-us-west-2.amazonaws.com/Images/FEMA_CAP/9073/613547/DSC_3016_4fdb8167-a562-426b-9c50-16b6b1f96f05.jpg,True
292,https://ladi.s3-us-west-2.amazonaws.com/Images/FEMA_CAP/9073/613892/020_9729_04b47fe2-3768-49ac-b9b4-d80f1f986197.jpg,True
293,https://ladi.s3-us-west-2.amazonaws.com/Images/FEMA_CAP/9073/613941/DSC_4582_9b9a17fc-f4d3-4a74-a558-d51e78bb6a74.jpg,True
294,https://ladi.s3-us-west-2.amazonaws.com/Images/FEMA_CAP/9073/613543/DSC_0419_f6771b60-f8dd-415d-8568-7d3ee6542dd8.jpg,True
295,https://ladi.s3-us-west-2.amazonaws.com/Images/FEMA_CAP/9073/613823/DSC_0975_82840224-d9fd-46dd-9041-3296a60dc19e.jpg,True
296,https://ladi.s3-us-west-2.amazonaws.com/Images/FEMA_CAP/3043/291626/DSC_7378_a8fb4940-b875-49d7-b09c-f9a71d7a393d.jpg,True
297,https://ladi.s3-us-west-2.amazonaws.com/Images/FEMA_CAP/9073/613927/DSC_1201_21e24337-a3b9-4955-a905-fc497c46b99e.jpg,True
298,https://ladi.s3-us-west-2.amazonaws.com/Images/FEMA_CAP/9073/613538/DSC_0932_6506263a-42d3-4ae1-ac5b-584540302705.jpg,True
299,https://ladi.s3-us-west-2.amazonaws.com/Images/FEMA_CAP/9096/615123/ChrisPet_570892c7-ac84-41ce-b1e7-2b028fc5879a.jpg,True
300,https://ladi.s3-us-west-2.amazonaws.com/Images/FEMA_CAP/9096/615132/JoeBell-_ff002ec1-3e86-4451-8911-7d8a2dcc004c.jpg,False
301,https://ladi.s3-us-west-2.amazonaws.com/Images/FEMA_CAP/9074/613925/DSC_2196_b3d5b94e-b2b9-4e99-be6b-558f9c693571.jpg,False
302,https://ladi.s3-us-west-2.amazonaws.com/Images/FEMA_CAP/2022/100454/Prairiev_68ab475e-926b-47d6-9c57-deff5f7a6bba.jpg,False
303,https://ladi.s3-us-west-2.amazonaws.com/Images/FEMA_CAP/9075/614080/A0001_AP_b204b350-6a16-44a0-a42c-c97ed1f8bfe2.jpg,False
304,https://ladi.s3-us-west-2.amazonaws.com/Images/FEMA_CAP/9073/613946/DSC_6916_37c50300-a82c-4a13-96d2-1486cbe827f8.jpg,False
305,https://ladi.s3-us-west-2.amazonaws.com/Images/FEMA_CAP/9073/613927/DSC_0385_e049f151-a82f-4b33-9cb1-6cfc7301e8fa.jpg,False
306,https://ladi.s3-us-west-2.amazonaws.com/Images/FEMA_CAP/3045/291506/DSC_0163_7e43384f-a09b-467d-b94b-c33b40146d89.jpg,False
307,https://ladi.s3-us-west-2.amazonaws.com/Images/FEMA_CAP/9073/613940/DSC_1342_d4065ff3-9733-40b3-ae03-1d2227650ac0.jpg,False
308,https://ladi.s3-us-west-2.amazonaws.com/Images/FEMA_CAP/9074/613734/ALW_3851_1cca9aa8-748f-46b8-837e-17509c1af30b.jpg,False
309,https://ladi.s3-us-west-2.amazonaws.com/Images/FEMA_CAP/9073/613531/DSC_2938_d35f30ba-4947-4fd5-afb1-cf7b66a3d97e.jpg,False
310,https://ladi.s3-us-west-2.amazonaws.com/Images/FEMA_CAP/9075/614098/A0015_AP_5a83a31c-4863-4c02-a4c5-8c3adb121dff.jpg,False
311,https://ladi.s3-us-west-2.amazonaws.com/Images/FEMA_CAP/9075/614147/A0032_AP_cf6312a5-8629-49df-a385-e2b603dfd6cf.jpg,False
312,https://ladi.s3-us-west-2.amazonaws.com/Images/FEMA_CAP/9073/613549/DSC_0691_64297b0c-03cf-40c8-acf6-16058fc1f0ff.jpg,False
313,https://ladi.s3-us-west-2.amazonaws.com/Images/FEMA_CAP/9074/613807/DSC_0459_5283e450-0e14-4ced-93d1-b4396353690f.jpg,False
314,https://ladi.s3-us-west-2.amazonaws.com/Images/FEMA_CAP/9073/613895/DSC_4560_153691f8-9bd0-4c23-84c4-2576ef16ae7e.jpg,False
315,https://ladi.s3-us-west-2.amazonaws.com/Images/FEMA_CAP/9075/614113/A0116_AP_31715c5d-ce02-4b3e-adef-751bfac981ae.jpg,False
316,https://ladi.s3-us-west-2.amazonaws.com/Images/FEMA_CAP/9073/613904/CAP_2006_a23d7967-7edf-4a22-a738-c4cedc68ef3a.jpg,False
317,https://ladi.s3-us-west-2.amazonaws.com/Images/FEMA_CAP/9075/614070/A0093_AP_dac0e640-ebf9-4e83-bfe9-82096bb82369.jpg,False
318,https://ladi.s3-us-west-2.amazonaws.com/Images/FEMA_CAP/9074/613883/DSC_1609_2d1117d2-474c-451d-9d34-8502e04e82ef.jpg,False
319,https://ladi.s3-us-west-2.amazonaws.com/Images/FEMA_CAP/9073/613895/DSC_6251_87f37a61-4114-4a84-bceb-d69457fc2ea7.jpg,False
320,https://ladi.s3-us-west-2.amazonaws.com/Images/FEMA_CAP/5/180802/VIRB0454_4d85b3c7-55a0-49cd-a1bc-4f23ff294902.jpg,False
321,https://ladi.s3-us-west-2.amazonaws.com/Images/FEMA_CAP/9073/613827/DSC_8485_7ee136cb-ea26-4148-ac8e-5f6e23d16161.jpg,False
322,https://ladi.s3-us-west-2.amazonaws.com/Images/FEMA_CAP/9074/613748/DSC_2142_5483b52b-d760-49d1-ba99-8020b84485f2.jpg,False
323,https://ladi.s3-us-west-2.amazonaws.com/Images/FEMA_CAP/9073/613829/DSC_9044_25133608-6aeb-40ec-a07d-97731accaac9.jpg,False
324,https://ladi.s3-us-west-2.amazonaws.com/Images/FEMA_CAP/5/615086/DSC_3756_64ca03d8-9102-46eb-9f37-0c9ba9094187.jpg,False
325,https://ladi.s3-us-west-2.amazonaws.com/Images/FEMA_CAP/9075/614102/A0022_V__3a5022c4-d537-4b0c-b227-e88178d47a31.jpg,False
326,https://ladi.s3-us-west-2.amazonaws.com/Images/FEMA_CAP/9074/613786/DSC_108_f1d073f3-f922-4de8-8f81-2e5f10741862.jpg,False
327,https://ladi.s3-us-west-2.amazonaws.com/Images/FEMA_CAP/9075/614110/A0068_AP_69c500e8-9f0b-4fe2-9619-07e4e215eeb0.jpg,False
328,https://ladi.s3-us-west-2.amazonaws.com/Images/FEMA_CAP/9073/613898/DSC_4346_447db0ea-fde9-497c-8583-347599deba88.jpg,False
329,https://ladi.s3-us-west-2.amazonaws.com/Images/FEMA_CAP/9073/613802/c3ac8ac6-a364-4a39-a318-d2bd0887147d.jpg,False
330,https://ladi.s3-us-west-2.amazonaws.com/Images/FEMA_CAP/9073/613550/DSC_0873_bd889b6b-db63-4744-ab9b-b107286d8343.jpg,False
331,https://ladi.s3-us-west-2.amazonaws.com/Images/FEMA_CAP/9073/613828/020_2811_0f652ff7-d241-47e1-b825-c62d108039d7.jpg,False
332,https://ladi.s3-us-west-2.amazonaws.com/Images/FEMA_CAP/9073/613898/DSC_5110_a995b0d0-f6f8-4cb6-bb15-ccd48ab6967b.jpg,False
333,https://ladi.s3-us-west-2.amazonaws.com/Images/FEMA_CAP/9073/613934/010_9286_60003b14-31a2-4255-b324-1a559d9661bc.jpg,False
334,https://ladi.s3-us-west-2.amazonaws.com/Images/FEMA_CAP/3041/241283/DSC_9434_845ac8ab-cbbf-4357-82dc-0b77cf85b26c.jpg,False
335,https://ladi.s3-us-west-2.amazonaws.com/Images/FEMA_CAP/9075/614104/A0084_AP_2d790550-6bd3-40a2-8153-88d7e0b0f75d.jpg,False
336,https://ladi.s3-us-west-2.amazonaws.com/Images/FEMA_CAP/3045/291518/DSC_0781_b80c283e-ee1c-4147-abff-f0e9f373f078.jpg,False
337,https://ladi.s3-us-west-2.amazonaws.com/Images/FEMA_CAP/9075/614125/A0030_AP_beedd406-4f60-41c1-9518-56883f6926c5.jpg,False
338,https://ladi.s3-us-west-2.amazonaws.com/Images/FEMA_CAP/3047/291584/DSC_0175_cbb8b34a-1dc0-47c9-b612-5f0a666801d6.jpg,False
339,https://ladi.s3-us-west-2.amazonaws.com/Images/FEMA_CAP/9074/613810/DSC_1459_71f876dd-a224-4980-a2cb-cc6943836ceb.jpg,False
340,https://ladi.s3-us-west-2.amazonaws.com/Images/FEMA_CAP/9074/613608/DSC_1909_50876933-5551-49a3-8117-829c2d45577f.jpg,False
341,https://ladi.s3-us-west-2.amazonaws.com/Images/FEMA_CAP/9075/614105/A0084_AP_c4e27530-fe33-4ef4-9e8c-e9414a3b37e4.jpg,False
342,https://ladi.s3-us-west-2.amazonaws.com/Images/FEMA_CAP/9096/615130/DonBarre_5d387410-39bb-4d2a-8374-99d5492c8169.jpg,False
343,https://ladi.s3-us-west-2.amazonaws.com/Images/FEMA_CAP/9073/613899/DSC_5965_ddcc73e3-2f8e-4361-b054-c87239e384f1.jpg,False
344,https://ladi.s3-us-west-2.amazonaws.com/Images/FEMA_CAP/3045/291580/DSC_0270_a8bfc43a-9428-4c8e-b3cf-453ac3435b56.jpg,False
345,https://ladi.s3-us-west-2.amazonaws.com/Images/FEMA_CAP/9096/615123/ChrisPet_36e58c83-8fc0-4fa1-8f33-a6de3210d14b.jpg,False
346,https://ladi.s3-us-west-2.amazonaws.com/Images/FEMA_CAP/9075/614089/A0074_AP_3f00f70c-39eb-46c0-a4b3-9ed1d12ca1ca.jpg,False
347,https://ladi.s3-us-west-2.amazonaws.com/Images/FEMA_CAP/9073/613934/010_8344_1c9bbee7-cd9a-4c37-b7e7-478859bb9278.jpg,False
348,https://ladi.s3-us-west-2.amazonaws.com/Images/FEMA_CAP/9073/613551/DSC_0930_871dacf9-0192-4ac0-b9e8-c709a989c5f4.jpg,False
349,https://ladi.s3-us-west-2.amazonaws.com/Images/FEMA_CAP/5/614894/2018-08-_1bf454d2-5e8e-4ef9-858c-5a6491896ab6.jpg,False
350,https://ladi.s3-us-west-2.amazonaws.com/Images/FEMA_CAP/9073/613940/DSC_1399_9c075434-0754-40ad-b0dc-830b916947e5.jpg,False
351,https://ladi.s3-us-west-2.amazonaws.com/Images/FEMA_CAP/9075/613998/A0013-80_71f80fdb-bf86-49ed-ae89-3c7ea139fada.jpg,False
352,https://ladi.s3-us-west-2.amazonaws.com/Images/FEMA_CAP/9161/616222/FEMA_REG_6e412087-cb7c-4040-8d0f-d957e8c33901.jpg,False
353,https://ladi.s3-us-west-2.amazonaws.com/Images/FEMA_CAP/9099/615236/DSC_5622_e758dd07-6910-4615-a17a-d1873c9794c7.jpg,False
354,https://ladi.s3-us-west-2.amazonaws.com/Images/FEMA_CAP/5/615428/VIRB0147_3c27ed73-fac2-443e-95d2-428f93c57b93.jpg,False
355,https://ladi.s3-us-west-2.amazonaws.com/Images/FEMA_CAP/9073/613899/DSC_3542_2d6301a0-7230-4409-a856-416ccb6c6263.jpg,False
356,https://ladi.s3-us-west-2.amazonaws.com/Images/FEMA_CAP/3045/291551/DSC_4569_3da032c0-2671-4106-a018-9414d3e3ff9e.jpg,False
357,https://ladi.s3-us-west-2.amazonaws.com/Images/FEMA_CAP/3042/291501/DSC_0305_5d48e3c3-3f47-45e8-9692-2c7a9b1714ea.jpg,False
358,https://ladi.s3-us-west-2.amazonaws.com/Images/FEMA_CAP/9073/613829/DSC_0454_21a6a21e-34ff-4fc5-90db-20c23ec60ac2.jpg,False
359,https://ladi.s3-us-west-2.amazonaws.com/Images/FEMA_CAP/9073/613926/DSC_3665.JPG,False
360,https://ladi.s3-us-west-2.amazonaws.com/Images/FEMA_CAP/9088/614512/CAP_5197_7b658d2d-249e-4512-a778-950dd86d310d.jpg,False
361,https://ladi.s3-us-west-2.amazonaws.com/Images/FEMA_CAP/9073/613927/DSC_0311_a9e64da7-5651-4001-b300-952267e98c3b.jpg,False
362,https://ladi.s3-us-west-2.amazonaws.com/Images/FEMA_CAP/9073/613828/020_3900_9f12c671-fe0c-491b-b09a-f9a007978e88.jpg,False
363,https://ladi.s3-us-west-2.amazonaws.com/Images/FEMA_CAP/3045/291506/DSC_0300_34041e29-6655-471e-88f8-2aaf84ad89fa.jpg,False
364,https://ladi.s3-us-west-2.amazonaws.com/Images/FEMA_CAP/9073/613946/DSC_6346_0b5985a0-7857-4708-98ed-a3af34e13437.jpg,False
365,https://ladi.s3-us-west-2.amazonaws.com/Images/FEMA_CAP/9075/614133/A0029_AP_6d7770ac-b3e7-4de7-bded-bf5358ca65db.jpg,False
366,https://ladi.s3-us-west-2.amazonaws.com/Images/FEMA_CAP/9073/613892/020_0294_8d80dcd1-3ae0-4157-8f39-2afa349b38be.jpg,False
367,https://ladi.s3-us-west-2.amazonaws.com/Images/FEMA_CAP/9074/613754/DSC_0338_40b82b85-a8e2-476e-afff-63f88f32ed73.jpg,False
368,https://ladi.s3-us-west-2.amazonaws.com/Images/FEMA_CAP/9075/614021/AP0063AP_621a3560-14e6-4ef8-9b8f-a0fbd6edfda4.jpg,False
369,https://ladi.s3-us-west-2.amazonaws.com/Images/FEMA_CAP/9073/613822/_CAP1034_c0e2599d-374d-4ab1-a3f3-ae276f397291.jpg,False
370,https://ladi.s3-us-west-2.amazonaws.com/Images/FEMA_CAP/9074/613788/DSC_0205_26f2e5f3-7acd-40bc-883e-d146243db568.jpg,False
371,https://ladi.s3-us-west-2.amazonaws.com/Images/FEMA_CAP/9073/613937/DSC_0840_0fa2e8e4-11db-42d1-8cd8-b558a1bbef24.jpg,False
372,https://ladi.s3-us-west-2.amazonaws.com/Images/FEMA_CAP/9075/614080/A001_AP__3cdd570c-14c6-4ef7-b750-32a07099c4d1.jpg,False
373,https://ladi.s3-us-west-2.amazonaws.com/Images/FEMA_CAP/3043/291590/DSC_1908_199576ed-e187-400d-8fa6-042e180ca96c.jpg,False
374,https://ladi.s3-us-west-2.amazonaws.com/Images/FEMA_CAP/9073/613547/DSC_1841_a1be14d8-627a-4c68-a861-a9681a17012d.jpg,False
375,https://ladi.s3-us-west-2.amazonaws.com/Images/FEMA_CAP/9073/613947/DSC_3309_6723ad58-c0c5-48f3-a0f5-e8db9df79c2f.jpg,False
376,https://ladi.s3-us-west-2.amazonaws.com/Images/FEMA_CAP/9073/613928/DSC_0868_0757de8b-b90d-44bf-abdd-51d9ed1ee3bf.jpg,False
377,https://ladi.s3-us-west-2.amazonaws.com/Images/FEMA_CAP/9096/615126/SteveBla_9200ef35-abcd-433f-bac9-f8e58626d9ef.jpg,False
378,https://ladi.s3-us-west-2.amazonaws.com/Images/FEMA_CAP/9074/613741/DSC_4555_40895ac8-c5c1-4ed0-9de5-ffe764699c53.jpg,False
379,https://ladi.s3-us-west-2.amazonaws.com/Images/FEMA_CAP/9075/614110/A0068_AP_08edaf3f-6267-44a1-99f3-bfd049595bc0.jpg,False
380,https://ladi.s3-us-west-2.amazonaws.com/Images/FEMA_CAP/9096/615132/JoeBell-_831e3a74-e872-4649-90ba-8e28054dc95f.jpg,False
381,https://ladi.s3-us-west-2.amazonaws.com/Images/FEMA_CAP/9096/615129/BrettGro_41649f95-4678-4445-8b3e-580ad1cd6874.jpg,False
382,https://ladi.s3-us-west-2.amazonaws.com/Images/FEMA_CAP/9073/613551/DSC_0761_e0527132-6f3a-48af-a40a-6a915004f479.jpg,False
383,https://ladi.s3-us-west-2.amazonaws.com/Images/FEMA_CAP/3043/291611/DSC_0430_ca98e383-b1cd-4244-8a67-d2419d821549.jpg,False
384,https://ladi.s3-us-west-2.amazonaws.com/Images/FEMA_CAP/9096/615106/FLR_2118_a61c8028-da92-4734-9beb-356612c33d1d.jpg,False
385,https://ladi.s3-us-west-2.amazonaws.com/Images/FEMA_CAP/3042/291499/DSC_9832_9abddb2e-d056-49bd-afeb-81d4f902b10d.jpg,False
386,https://ladi.s3-us-west-2.amazonaws.com/Images/FEMA_CAP/5/291679/17-T-305_5037cb4d-1eb3-4a2b-aa40-6562e8deb411.jpg,False
387,https://ladi.s3-us-west-2.amazonaws.com/Images/FEMA_CAP/3043/291675/DSC_4942_29f801d8-691a-4616-8d5b-6f0f225ee4a7.jpg,False
388,https://ladi.s3-us-west-2.amazonaws.com/Images/FEMA_CAP/9075/614104/A0084_AP_4db87936-002d-47f2-9a61-df0f3f25421d.jpg,False
389,https://ladi.s3-us-west-2.amazonaws.com/Images/FEMA_CAP/9073/613897/DSC_4926_46c34956-921f-469c-963e-07b44f21ed2f.jpg,False
390,https://ladi.s3-us-west-2.amazonaws.com/Images/FEMA_CAP/9073/613899/DSC_4255_e0d93a4a-db71-4d58-809c-bd04eb29867b.jpg,False
391,https://ladi.s3-us-west-2.amazonaws.com/Images/FEMA_CAP/9075/614044/A0153_AP_cee71a26-33a9-49d6-af16-15928d1c4602.jpg,False
392,https://ladi.s3-us-west-2.amazonaws.com/Images/FEMA_CAP/9073/613947/DSC_3178_8397d1c1-9278-4f66-b51a-82a85fbba083.jpg,False
393,https://ladi.s3-us-west-2.amazonaws.com/Images/FEMA_CAP/9073/613555/DSC_0186_73e98bc5-ed50-4a03-a57d-b1779b81aaf2.jpg,False
394,https://ladi.s3-us-west-2.amazonaws.com/Images/FEMA_CAP/9075/614003/A0027V01_a1116bcd-8826-4043-bcd6-e33f6bb98d97.jpg,False
395,https://ladi.s3-us-west-2.amazonaws.com/Images/FEMA_CAP/9073/613940/DSC_0274_6859a547-f979-4a62-a908-4ddb41507eba.jpg,False
396,https://ladi.s3-us-west-2.amazonaws.com/Images/FEMA_CAP/3043/291650/DSC_0161_7ec7dedf-b287-4bb1-b54a-208e2144dc39.jpg,False
397,https://ladi.s3-us-west-2.amazonaws.com/Images/FEMA_CAP/5/615223/VIRB0091_d6a4f1b2-e26f-4ad0-a976-401b252327e8.jpg,False
398,https://ladi.s3-us-west-2.amazonaws.com/Images/FEMA_CAP/3043/291672/DSC_1805_604ba3c1-8f57-481d-84f6-15017abe54f1.jpg,False
399,https://ladi.s3-us-west-2.amazonaws.com/Images/FEMA_CAP/9074/613734/ALW_4556_d34c2316-f713-4496-9f58-1d85fbc64eda.jpg,False
400,https://ladi.s3-us-west-2.amazonaws.com/Images/FEMA_CAP/9099/615233/Bay-Gulf_bf371266-6379-49d7-92c3-d71fbade7b04.jpg,False
401,https://ladi.s3-us-west-2.amazonaws.com/Images/FEMA_CAP/9073/613898/DSC_5204_3b6fefa5-07c4-42a6-968a-6e229a3938f0.jpg,False
402,https://ladi.s3-us-west-2.amazonaws.com/Images/FEMA_CAP/9074/613770/DSC_4226_c79b6980-a97e-4c07-be91-30d76761c230.jpg,False
403,https://ladi.s3-us-west-2.amazonaws.com/Images/FEMA_CAP/9075/614088/A0074_V__9d3f67fb-2ba1-4097-8436-d6e66b14f455.jpg,False
404,https://ladi.s3-us-west-2.amazonaws.com/Images/FEMA_CAP/9073/613884/DSC_8818_9d22c81f-ed83-44e5-8f4c-c3d7e51494fe.jpg,False
405,https://ladi.s3-us-west-2.amazonaws.com/Images/FEMA_CAP/9096/615125/MarkBail_2c19b46f-d53a-4f65-896c-f73af1a1ca75.jpg,False
406,https://ladi.s3-us-west-2.amazonaws.com/Images/FEMA_CAP/9073/613899/DSC_3316_d5092eb1-c576-497c-85c9-f18f82926a11.jpg,False
407,https://ladi.s3-us-west-2.amazonaws.com/Images/FEMA_CAP/9099/615265/DSC_6295_7f94b3b5-38d1-401e-83a4-ad8aa3b672cc.jpg,False
408,https://ladi.s3-us-west-2.amazonaws.com/Images/FEMA_CAP/9073/613805/42518b4e-bd11-42b5-9f55-e90f6d76a51f.jpg,False
409,https://ladi.s3-us-west-2.amazonaws.com/Images/FEMA_CAP/9107/616210/DSC_0466_41454e65-6ddb-40c2-9b79-90ef608f50ce.jpg,False
410,https://ladi.s3-us-west-2.amazonaws.com/Images/FEMA_CAP/9096/615123/ChrisPet_783abd4a-7a6e-4b39-92ae-e25de0d6ddf2.jpg,False
411,https://ladi.s3-us-west-2.amazonaws.com/Images/FEMA_CAP/9096/615126/SteveBla_63280f89-d5be-48ff-9f0a-357ef2aa0133.jpg,False
412,https://ladi.s3-us-west-2.amazonaws.com/Images/FEMA_CAP/9074/613608/DSC_1947_52dec051-74c9-4ae5-b120-b39311365d8e.jpg,False
413,https://ladi.s3-us-west-2.amazonaws.com/Images/FEMA_CAP/9107/616206/DSC_0121_9d88335d-8ddf-4348-bc7c-f754952c1481.jpg,False
414,https://ladi.s3-us-west-2.amazonaws.com/Images/FEMA_CAP/9073/613943/DSC_2708_a9baf6dd-c42b-4229-83ce-261180f9c578.jpg,False
415,https://ladi.s3-us-west-2.amazonaws.com/Images/FEMA_CAP/9075/614076/A0031_AP_659ebccf-39ef-49ea-aef7-6dd152fec603.jpg,False
416,https://ladi.s3-us-west-2.amazonaws.com/Images/FEMA_CAP/9074/613906/DSC_4791_a29f2009-a194-4ed9-816d-c5ff9450eea5.jpg,False
417,https://ladi.s3-us-west-2.amazonaws.com/Images/FEMA_CAP/9074/613744/DSC_0378_29a9ea46-0aff-49a0-b628-32bd5a355627.jpg,False
418,https://ladi.s3-us-west-2.amazonaws.com/Images/FEMA_CAP/3047/291495/CAP_0041_0cdb6bd0-8325-445e-a8d5-1b9d6d05efe0.jpg,False
419,https://ladi.s3-us-west-2.amazonaws.com/Images/FEMA_CAP/3045/291508/DSC_1830_c450156e-2799-4bba-be53-96eac4930854.jpg,False
420,https://ladi.s3-us-west-2.amazonaws.com/Images/FEMA_CAP/9073/613547/DSC_3803_c81a5cfd-eed2-414d-8b88-6d24f6a4c68d.jpg,False
421,https://ladi.s3-us-west-2.amazonaws.com/Images/FEMA_CAP/9073/613829/DSC_0648_cd985105-49bd-44e4-9008-0941c78cceee.jpg,False
422,https://ladi.s3-us-west-2.amazonaws.com/Images/FEMA_CAP/9073/613819/_CAP2821_09a38e47-15ef-460d-8e7b-ab6921695083.jpg,False
423,https://ladi.s3-us-west-2.amazonaws.com/Images/FEMA_CAP/9075/613998/A0013-81_df0bfd18-24e9-4bf7-ab85-3e3c12ebcab5.jpg,False
424,https://ladi.s3-us-west-2.amazonaws.com/Images/FEMA_CAP/5/583511/DSC_0071_dfd89d10-b471-4dfc-a6e2-0a6800f35ec5.jpg,False
425,https://ladi.s3-us-west-2.amazonaws.com/Images/FEMA_CAP/9074/613837/DSC_7592_d17159ed-e6e1-4d58-8e0a-179c6ad674fd.jpg,False
426,https://ladi.s3-us-west-2.amazonaws.com/Images/FEMA_CAP/9099/615265/DSC_6177_e7fb53df-e02d-44a0-9715-c8425516040c.jpg,False
427,https://ladi.s3-us-west-2.amazonaws.com/Images/FEMA_CAP/9073/613948/DSC_3123_9ab8421a-938b-4647-9403-7cdedd8a8e9c.jpg,False
428,https://ladi.s3-us-west-2.amazonaws.com/Images/FEMA_CAP/5/443370/_DSC2425_a391bad7-27fe-45bd-9663-163a4f24c607.jpg,False
429,https://ladi.s3-us-west-2.amazonaws.com/Images/FEMA_CAP/9074/613793/DSC_0392_3cdcaa31-3ea3-46b1-8055-84949d11beeb.jpg,False
430,https://ladi.s3-us-west-2.amazonaws.com/Images/FEMA_CAP/5/443366/DSC_0012_596a4f30-058e-4234-95a6-74cfa92238f4.jpg,False
431,https://ladi.s3-us-west-2.amazonaws.com/Images/FEMA_CAP/9073/613542/DSC_1026_3b96bd18-7245-412b-b5d8-9cc1e74caf88.jpg,False
432,https://ladi.s3-us-west-2.amazonaws.com/Images/FEMA_CAP/9074/613911/DSC_2408_80aa72b0-eb84-44a9-a91e-0d86f935093c.jpg,False
433,https://ladi.s3-us-west-2.amazonaws.com/Images/FEMA_CAP/9074/613910/DSC_5564_e91ee18c-9370-4d97-b324-1bfcb77054a9.jpg,False
434,https://ladi.s3-us-west-2.amazonaws.com/Images/FEMA_CAP/9073/613547/DSC_3023_db1804ca-fc27-4123-bce2-02451fea2a95.jpg,False
435,https://ladi.s3-us-west-2.amazonaws.com/Images/FEMA_CAP/9096/615125/MarkBail_0f4cecf0-36c5-4e2e-b420-99f789f91d11.jpg,False
436,https://ladi.s3-us-west-2.amazonaws.com/Images/FEMA_CAP/9073/613547/DSC_4036_941634ba-c08d-4abc-b58e-1281a65a4c32.jpg,False
437,https://ladi.s3-us-west-2.amazonaws.com/Images/FEMA_CAP/5/271490/B6_E_9b6c0130-bb0a-49d9-a867-78a275a209ab.jpg,False
438,https://ladi.s3-us-west-2.amazonaws.com/Images/FEMA_CAP/3041/241283/DSC_9572_90154404-64a1-49b9-9426-0526bd546ccd.jpg,False
439,https://ladi.s3-us-west-2.amazonaws.com/Images/FEMA_CAP/3045/291518/DSC_0082_93abd9d7-b84c-48a8-bb23-b18f9e54f788.jpg,False
440,https://ladi.s3-us-west-2.amazonaws.com/Images/FEMA_CAP/9073/613544/DSC_0005_da4b04b9-9c02-4545-a2ec-c1a839786d40.jpg,False
441,https://ladi.s3-us-west-2.amazonaws.com/Images/FEMA_CAP/3045/291649/DSC_0201_f8b9184d-d9e4-4be1-8cb9-cd8fe0236d43.jpg,False
442,https://ladi.s3-us-west-2.amazonaws.com/Images/FEMA_CAP/9073/613887/DSC_2952_26fd715f-017a-43dd-b2f5-9de1167aecc0.jpg,False
443,https://ladi.s3-us-west-2.amazonaws.com/Images/FEMA_CAP/9168/616298/DSC_4013_42ab7a13-ff58-4b26-bb1a-935e7fe4656c.jpg,False
444,https://ladi.s3-us-west-2.amazonaws.com/Images/FEMA_CAP/9073/613548/DSC_0829_3ff17afe-ccd8-41dc-8a0a-b85011f549fe.jpg,False
445,https://ladi.s3-us-west-2.amazonaws.com/Images/FEMA_CAP/9073/613895/DSC_4592_e5ecf0f9-8f59-4755-8b40-d95018a298e9.jpg,False
446,https://ladi.s3-us-west-2.amazonaws.com/Images/FEMA_CAP/9073/613819/_CAP2502_12d7bd6d-3dd5-432c-aead-4219c0d235f0.jpg,False
447,https://ladi.s3-us-west-2.amazonaws.com/Images/FEMA_CAP/3045/291518/DSC_1183_6b40ce1a-c621-415c-9987-d43becce9afc.jpg,False
448,https://ladi.s3-us-west-2.amazonaws.com/Images/FEMA_CAP/9073/613946/DSC_5033_22619b59-101f-435d-971a-499e6c80c676.jpg,False
449,https://ladi.s3-us-west-2.amazonaws.com/Images/FEMA_CAP/9074/613600/DSC_1498_d6eb8306-d65c-445a-92c5-70fc2ea87231.jpg,False
450,https://ladi.s3-us-west-2.amazonaws.com/Images/FEMA_CAP/9073/613808/DSC_96773821c212-0b97-499d-b41a-ff945e631e42.jpg,False
451,https://ladi.s3-us-west-2.amazonaws.com/Images/FEMA_CAP/9096/615077/DSC_4021_ff72fca8-1184-491b-9d4a-f61c082d3251.jpg,False
452,https://ladi.s3-us-west-2.amazonaws.com/Images/FEMA_CAP/9096/615125/MarkBail_cb99964d-84fb-413c-b9dd-1d26aaa23f48.jpg,False
453,https://ladi.s3-us-west-2.amazonaws.com/Images/FEMA_CAP/9073/613555/DSC_0303_56f414f7-db3b-451f-a182-57e2a3b9638e.jpg,False
454,https://ladi.s3-us-west-2.amazonaws.com/Images/FEMA_CAP/9075/614107/A0025_AP_b43ac41d-89de-4028-872f-315e175b71ad.jpg,False
455,https://ladi.s3-us-west-2.amazonaws.com/Images/FEMA_CAP/9075/614040/A0078_AP_d1f6916d-6595-48ff-9d89-2e4de26fd98f.jpg,False
456,https://ladi.s3-us-west-2.amazonaws.com/Images/FEMA_CAP/9075/614042/A0080_AP_909d862c-b7f8-490e-8903-8c363aac7f80.jpg,False
457,https://ladi.s3-us-west-2.amazonaws.com/Images/FEMA_CAP/9074/613783/ABW_0241_07bf4fe6-403c-4c88-a3c2-d0ebe84523d5.jpg,False
458,https://ladi.s3-us-west-2.amazonaws.com/Images/FEMA_CAP/9073/613897/DSC_4901_921e12ab-af63-455a-bb42-b6d00847c123.jpg,False
459,https://ladi.s3-us-west-2.amazonaws.com/Images/FEMA_CAP/9161/616226/FEMA_Reg_47c56436-b904-4c1f-b1ed-f4f4c3fe0a50.jpg,False
460,https://ladi.s3-us-west-2.amazonaws.com/Images/FEMA_CAP/9073/613895/DSC_4749_f0e25767-f999-45a4-b190-8d80e49dcde9.jpg,False
461,https://ladi.s3-us-west-2.amazonaws.com/Images/FEMA_CAP/5/443391/DSC_5055_1f741f40-fca5-405b-9e51-649804e2897e.jpg,False
462,https://ladi.s3-us-west-2.amazonaws.com/Images/FEMA_CAP/3042/291552/DSC_1946_19fb1b4c-84ea-431d-8f41-d7763583c4d0.jpg,False
463,https://ladi.s3-us-west-2.amazonaws.com/Images/FEMA_CAP/9096/615132/JoeBell-_4a432092-cb9c-4fc6-930e-18216cfac817.jpg,False
464,https://ladi.s3-us-west-2.amazonaws.com/Images/FEMA_CAP/9074/613807/DSC_0057_d6922cc8-d270-4902-a2b2-23b7bd818e47.jpg,False
465,https://ladi.s3-us-west-2.amazonaws.com/Images/FEMA_CAP/9074/613906/DSC_4979_21b2974f-a5eb-47d5-96d9-4ab0836a37fa.jpg,False
466,https://ladi.s3-us-west-2.amazonaws.com/Images/FEMA_CAP/9075/614130/A0029_AP_a41cf43b-f730-49af-9538-45c8048f114a.jpg,False
467,https://ladi.s3-us-west-2.amazonaws.com/Images/FEMA_CAP/9074/613727/DSC_0668_0dec5ff7-ddc4-47fa-bc09-95947c5dbe9e.jpg,False
468,https://ladi.s3-us-west-2.amazonaws.com/Images/FEMA_CAP/9096/615132/JoeBell-_60496ad8-c64f-4923-92b1-e904dc37965a.jpg,False
469,https://ladi.s3-us-west-2.amazonaws.com/Images/FEMA_CAP/9073/613551/DSC_1436_d5bcd897-b640-4c08-bc9d-c0586863cd94.jpg,False
470,https://ladi.s3-us-west-2.amazonaws.com/Images/FEMA_CAP/9074/613771/DSC_3172_f481306b-4789-4ef6-8d18-ee61779d5aa3.jpg,False
471,https://ladi.s3-us-west-2.amazonaws.com/Images/FEMA_CAP/9073/613939/DSC_0651_15e07208-65e6-46d6-9aa0-a279c874f402.jpg,False
472,https://ladi.s3-us-west-2.amazonaws.com/Images/FEMA_CAP/9073/613927/DSC_0154_44547030-88b8-4ab4-a8fc-ba1f48205549.jpg,False
473,https://ladi.s3-us-west-2.amazonaws.com/Images/FEMA_CAP/9075/614044/A0153_AP_102a8ae0-4259-439c-8cb8-0af86a4aa461.jpg,False
474,https://ladi.s3-us-west-2.amazonaws.com/Images/FEMA_CAP/9074/613723/DSC_0525_0369a01b-b881-4022-9cf4-7062c925fc97.jpg,False
475,https://ladi.s3-us-west-2.amazonaws.com/Images/FEMA_CAP/9073/613547/DSC_3954_68d5b072-2608-4720-9d11-432d9b1483b0.jpg,False
476,https://ladi.s3-us-west-2.amazonaws.com/Images/FEMA_CAP/3045/291543/DSC_3135_6196df62-55ac-4513-b1e0-f38f91dd96af.jpg,False
477,https://ladi.s3-us-west-2.amazonaws.com/Images/FEMA_CAP/9075/614080/A001_AP__7d228edf-3193-4aab-ab9b-49099bb9912f.jpg,False
478,https://ladi.s3-us-west-2.amazonaws.com/Images/FEMA_CAP/9073/613823/DSC_8498_1a985cb2-b48e-4d07-810e-7d035ecfa467.jpg,False
479,https://ladi.s3-us-west-2.amazonaws.com/Images/FEMA_CAP/9073/613899/DSC_4715_7d0ecbfc-3262-4e31-95e5-6bd48e80eb3f.jpg,False
480,https://ladi.s3-us-west-2.amazonaws.com/Images/FEMA_CAP/9073/613824/DSC_1521_761b932e-c81b-48d8-a0e2-bb74813bacd1.jpg,False
481,https://ladi.s3-us-west-2.amazonaws.com/Images/FEMA_CAP/3045/291543/DSC_2922_f8211465-0cc1-4e6e-9d93-07cfc1ec4e0f.jpg,False
482,https://ladi.s3-us-west-2.amazonaws.com/Images/FEMA_CAP/9073/613901/DSC_6957_3763bbf6-6ade-44cf-aca0-dff6aa0f1653.jpg,False
483,https://ladi.s3-us-west-2.amazonaws.com/Images/FEMA_CAP/9073/613805/b6cb9a03-e62b-44aa-9d59-3dcae561b8ae.jpg,False
484,https://ladi.s3-us-west-2.amazonaws.com/Images/FEMA_CAP/5/211147/DSC_0013_4e314cf9-3f48-45bf-a1cb-35e90101c7cf.jpg,False
485,https://ladi.s3-us-west-2.amazonaws.com/Images/FEMA_CAP/9073/613555/DSC_0455_0dc4dc7e-89a1-4047-adfe-90bf245d78d4.jpg,False
486,https://ladi.s3-us-west-2.amazonaws.com/Images/FEMA_CAP/9074/613725/DSC_0473_f7960c2e-969d-4c89-9005-d4cbf59dea6c.jpg,False
487,https://ladi.s3-us-west-2.amazonaws.com/Images/FEMA_CAP/9074/613771/DSC_3222_5a1349db-0eac-4d99-b499-64935170cac4.jpg,False
488,https://ladi.s3-us-west-2.amazonaws.com/Images/FEMA_CAP/9074/613722/DSC_0334_a60826ff-d107-4186-8f93-a793a478812a.jpg,False
489,https://ladi.s3-us-west-2.amazonaws.com/Images/FEMA_CAP/9073/613939/DSC_0935_1f7805d9-eca2-4abe-97a8-e7a16937422c.jpg,False
490,https://ladi.s3-us-west-2.amazonaws.com/Images/FEMA_CAP/9096/615026/DSC_0721_9d24802e-4ea4-40cc-9544-b8a676ab1000.jpg,False
491,https://ladi.s3-us-west-2.amazonaws.com/Images/FEMA_CAP/9075/614068/A0020_AP_5049c039-b600-44cf-87dd-4581334a5766.jpg,False
492,https://ladi.s3-us-west-2.amazonaws.com/Images/FEMA_CAP/9096/615123/ChrisPet_f65b4f4d-162d-4172-8be5-985da643cf45.jpg,False
493,https://ladi.s3-us-west-2.amazonaws.com/Images/FEMA_CAP/9075/614003/A0027V00_0319e565-ca5e-4f00-b08e-3e523277d9e6.jpg,False
494,https://ladi.s3-us-west-2.amazonaws.com/Images/FEMA_CAP/9075/614042/A0080_AP_a78275b0-6a5d-49ad-9998-0c3c924bc442.jpg,False
495,https://ladi.s3-us-west-2.amazonaws.com/Images/FEMA_CAP/9073/613897/DSC_4573_e5023f00-002f-4f0a-8d68-52669499e846.jpg,False
496,https://ladi.s3-us-west-2.amazonaws.com/Images/FEMA_CAP/9073/613926/DSC_2300.JPG,False
497,https://ladi.s3-us-west-2.amazonaws.com/Images/FEMA_CAP/9096/615029/DSC_5457_3f61b019-c7ab-40df-be83-966d2e4548cf.jpg,False
498,https://ladi.s3-us-west-2.amazonaws.com/Images/FEMA_CAP/9073/613538/DSC_1281_edd1379d-53d6-4170-b1c4-83c20a045318.jpg,False
499,https://ladi.s3-us-west-2.amazonaws.com/Images/FEMA_CAP/9073/613531/DSC_0712_203326b6-9470-42ee-b62a-0bc1a6477c40.jpg,False
500,https://ladi.s3-us-west-2.amazonaws.com/Images/FEMA_CAP/1013/20195/DSC_0293_495a3d88-421a-42c1-a539-339899bbe1d9.jpg,False
501,https://ladi.s3-us-west-2.amazonaws.com/Images/FEMA_CAP/9074/613755/DSC_2267_6f717601-429e-4fdf-84b5-cd3bd9b91a41.jpg,False
502,https://ladi.s3-us-west-2.amazonaws.com/Images/FEMA_CAP/5/614513/VA0603_3_c1520f12-ed7e-4dbe-a7a2-8773c9e10fba.jpg,False
503,https://ladi.s3-us-west-2.amazonaws.com/Images/FEMA_CAP/9073/613901/DSC_7619_c8b0ab2c-7271-4ea2-96ff-c6992523221d.jpg,False
504,https://ladi.s3-us-west-2.amazonaws.com/Images/FEMA_CAP/9073/613941/DSC_3855_13c49c75-c4cb-4db2-9809-6293b256276b.jpg,False
505,https://ladi.s3-us-west-2.amazonaws.com/Images/FEMA_CAP/9073/613548/DSC_0651_22bcf690-f125-41d6-afdf-ad3472da8494.jpg,False
506,https://ladi.s3-us-west-2.amazonaws.com/Images/FEMA_CAP/3042/291497/DSC_0389_54363b0d-b456-401b-a9a7-ec9dd8f6c0ea.jpg,False
507,https://ladi.s3-us-west-2.amazonaws.com/Images/FEMA_CAP/9074/613732/DSC_0714_1d646616-ce30-4d89-b906-f5a86681cecb.jpg,False
508,https://ladi.s3-us-west-2.amazonaws.com/Images/FEMA_CAP/5/30315/DSC_2852_f858340c-7143-4121-81f1-65d8b07dbac8.jpg,False
509,https://ladi.s3-us-west-2.amazonaws.com/Images/FEMA_CAP/9073/613937/DSC_1568_c59a2278-00ab-4113-958a-d71b3606f703.jpg,False
510,https://ladi.s3-us-west-2.amazonaws.com/Images/FEMA_CAP/9157/616220/DSC_8012_5347c5ec-c1ef-4663-9b3c-1fb9050e9e31.jpg,False
511,https://ladi.s3-us-west-2.amazonaws.com/Images/FEMA_CAP/9075/614071/A0013_AP_5c902741-9aab-4e93-b0ab-46ec2f3ab688.jpg,False
512,https://ladi.s3-us-west-2.amazonaws.com/Images/FEMA_CAP/9073/613544/DSC_0553_8d171907-71cb-494e-be17-1ccc3e4b68ee.jpg,False
513,https://ladi.s3-us-west-2.amazonaws.com/Images/FEMA_CAP/9075/614130/A0029_AP_dc3cd686-5051-43ce-addc-68bdda895f5d.jpg,False
514,https://ladi.s3-us-west-2.amazonaws.com/Images/FEMA_CAP/9073/613946/DSC_6470_f86705d8-8f2a-4720-9673-aa894fde6631.jpg,False
515,https://ladi.s3-us-west-2.amazonaws.com/Images/FEMA_CAP/9073/613828/020_4128_7e98f295-7c6d-441b-83a8-483be9500234.jpg,False
516,https://ladi.s3-us-west-2.amazonaws.com/Images/FEMA_CAP/9075/614021/AP0063AP_e873b872-27a7-42d8-abad-b9eb3a37c989.jpg,False
517,https://ladi.s3-us-west-2.amazonaws.com/Images/FEMA_CAP/9075/614146/A0050_AP_1cdf9645-ef46-4d20-b6d5-9d50742eeead.jpg,False
518,https://ladi.s3-us-west-2.amazonaws.com/Images/FEMA_CAP/9073/613934/010_8419_c8b62724-9de3-4ebe-a470-ed7d235efcfc.jpg,False
519,https://ladi.s3-us-west-2.amazonaws.com/Images/FEMA_CAP/9073/613897/DSC_4241_5ff35f0c-21ad-458d-9ba6-5229b6650140.jpg,False
520,https://ladi.s3-us-west-2.amazonaws.com/Images/FEMA_CAP/9075/614147/A0032_AP_a9e4e854-99ae-4868-ae85-63bcabf8f72b.jpg,False
521,https://ladi.s3-us-west-2.amazonaws.com/Images/FEMA_CAP/9074/613783/ABW_0476_6cea671e-edb6-4931-a8b2-762cc7837eb4.jpg,False
522,https://ladi.s3-us-west-2.amazonaws.com/Images/FEMA_CAP/9073/613829/DSC_9340_0a0498e4-8a4e-45e1-940d-b726325baaac.jpg,False
523,https://ladi.s3-us-west-2.amazonaws.com/Images/FEMA_CAP/9161/616226/FEMA_Reg_cdd6b38b-ff19-45e5-bdd0-962d3f6d5bb5.jpg,False
524,https://ladi.s3-us-west-2.amazonaws.com/Images/FEMA_CAP/9073/613946/DSC_5746_2f0d0523-531d-4261-ade6-b494c4c10c19.jpg,False
525,https://ladi.s3-us-west-2.amazonaws.com/Images/FEMA_CAP/9073/613901/DSC_6626_327282f2-d42b-4fd6-a3c8-20f44f983658.jpg,False
526,https://ladi.s3-us-west-2.amazonaws.com/Images/FEMA_CAP/9096/615127/TimCooli_ef61b4d4-13d7-442e-8754-3bae3c3f0f4a.jpg,False
527,https://ladi.s3-us-west-2.amazonaws.com/Images/FEMA_CAP/9073/613946/DSC_7236_b44792e2-4e6e-494d-8973-f37327a56926.jpg,False
528,https://ladi.s3-us-west-2.amazonaws.com/Images/FEMA_CAP/9075/614042/A0080_AP_4802e957-610b-4e18-9c2c-9cef7288eda4.jpg,False
529,https://ladi.s3-us-west-2.amazonaws.com/Images/FEMA_CAP/9074/613746/ABW_0052_e38e2bc6-6000-48e4-850e-90e027bc4ed5.jpg,False
530,https://ladi.s3-us-west-2.amazonaws.com/Images/FEMA_CAP/9157/616220/DSC_8183_6e33ef6f-8ae2-464c-bdc3-ca5e8d52eda5.jpg,False
531,https://ladi.s3-us-west-2.amazonaws.com/Images/FEMA_CAP/9073/613891/DSC_5011_2fd901cb-5e8b-4d2e-b791-31e9e9c07d98.jpg,False
532,https://ladi.s3-us-west-2.amazonaws.com/Images/FEMA_CAP/9073/613822/_CAP1173_e3b5f2c8-de7f-447e-ab8d-1a3b5abf15aa.jpg,False
533,https://ladi.s3-us-west-2.amazonaws.com/Images/FEMA_CAP/3042/291547/DSC_2307_4c54ee6d-c7f1-4c07-81e9-32f085d1c3d5.jpg,False
534,https://ladi.s3-us-west-2.amazonaws.com/Images/FEMA_CAP/9075/614147/A0032_AP_52fe1020-04cf-4c0e-95a7-6eafcb5c5c04.jpg,False
535,https://ladi.s3-us-west-2.amazonaws.com/Images/FEMA_CAP/9075/614016/A0034APC_5fa6eb59-bdde-4970-9717-591f92ddc3c3.jpg,False
536,https://ladi.s3-us-west-2.amazonaws.com/Images/FEMA_CAP/9074/613848/DSC_0596_44c7a460-90f9-4378-8dad-8a6a0ee69c2f.jpg,False
537,https://ladi.s3-us-west-2.amazonaws.com/Images/FEMA_CAP/9075/614000/A0011851_366065cf-44cf-42e2-a351-b0ceae0a0086.jpg,False
538,https://ladi.s3-us-west-2.amazonaws.com/Images/FEMA_CAP/9074/613731/DJI_0050_8497acc8-ad6f-44b6-9b5e-dfc423fe24c9.jpg,False
539,https://ladi.s3-us-west-2.amazonaws.com/Images/FEMA_CAP/5/473477/DSC_5255_adc48e10-e5da-4fd0-8268-a8672cb95f35.jpg,False
540,https://ladi.s3-us-west-2.amazonaws.com/Images/FEMA_CAP/9073/613927/DSC_0247_dfd80c38-71ec-4a2a-b4bf-e3b33bcc784d.jpg,False
541,https://ladi.s3-us-west-2.amazonaws.com/Images/FEMA_CAP/9075/614081/A0001_AP_ff349b2e-0de5-4164-b61c-31404ecd3988.jpg,False
542,https://ladi.s3-us-west-2.amazonaws.com/Images/FEMA_CAP/9099/615274/DSC_6676_8942dfff-3532-4c53-87d7-133151e5d210.jpg,False
543,https://ladi.s3-us-west-2.amazonaws.com/Images/FEMA_CAP/9073/613887/DSC_3013_56ee8d3f-af7e-4fbd-804d-f3fa0a56dc50.jpg,False
544,https://ladi.s3-us-west-2.amazonaws.com/Images/FEMA_CAP/3045/291576/DSC_0086_96c302c6-4e56-4525-8fc4-49c9583c0984.jpg,False
545,https://ladi.s3-us-west-2.amazonaws.com/Images/FEMA_CAP/9074/613771/DSC_3643_5d37819f-30b1-48c3-8ff8-7562858c76fa.jpg,False
546,https://ladi.s3-us-west-2.amazonaws.com/Images/FEMA_CAP/9073/613898/DSC_4670_36844eba-f0de-4417-8b5d-b687ae7078aa.jpg,False
547,https://ladi.s3-us-west-2.amazonaws.com/Images/FEMA_CAP/9096/615129/BrettGro_2ec6b74d-93c1-44cd-a140-78d22b21ea75.jpg,False
548,https://ladi.s3-us-west-2.amazonaws.com/Images/FEMA_CAP/9096/615132/JoeBell-_8aef5b9f-d8f8-4ef2-96c4-05e1225de7e0.jpg,False
549,https://ladi.s3-us-west-2.amazonaws.com/Images/FEMA_CAP/9073/613829/DSC_9906_c1fec66c-9b51-4db0-b312-61cf530e46bc.jpg,False
550,https://ladi.s3-us-west-2.amazonaws.com/Images/FEMA_CAP/5/583534/DSC_5719_4cb9162a-b411-4fe7-87fd-dc7f2000795d.jpg,False
551,https://ladi.s3-us-west-2.amazonaws.com/Images/FEMA_CAP/3042/291530/DSC_0801_5a607c15-cf69-4aa1-a19c-9ed55aceda42.jpg,False
552,https://ladi.s3-us-west-2.amazonaws.com/Images/FEMA_CAP/9073/613544/DSC_0479_7e5aa37e-6191-4d93-81e0-e6a60669202f.jpg,False
553,https://ladi.s3-us-west-2.amazonaws.com/Images/FEMA_CAP/9075/614080/A0001_AP_b69e46db-52de-445b-b7d7-b2534b80d31e.jpg,False
554,https://ladi.s3-us-west-2.amazonaws.com/Images/FEMA_CAP/9073/613947/DSC_3625_4edbd1d6-2f7d-48ba-b0a8-0c8b79f853a7.jpg,False
555,https://ladi.s3-us-west-2.amazonaws.com/Images/FEMA_CAP/3042/291497/DSC_0259_105c272f-fb95-4ce5-abec-b7bac8a53440.jpg,False
556,https://ladi.s3-us-west-2.amazonaws.com/Images/FEMA_CAP/9073/613941/DSC_3825_237a2185-a6bf-4167-8245-c06eb1cbd78b.jpg,False
557,https://ladi.s3-us-west-2.amazonaws.com/Images/FEMA_CAP/5/200945/DSC_0009_7e8c24ad-f11d-462a-8c61-96bea6f1c95a.jpg,False
558,https://ladi.s3-us-west-2.amazonaws.com/Images/FEMA_CAP/9157/616220/DSC_7906_3b70d155-1d7d-4557-89d2-d470dccf69f0.jpg,False
559,https://ladi.s3-us-west-2.amazonaws.com/Images/FEMA_CAP/9073/613823/DSC_7451_a34b2073-4ece-42eb-89bb-6e4d488ab290.jpg,False
560,https://ladi.s3-us-west-2.amazonaws.com/Images/FEMA_CAP/9074/613880/DSC_2108_83c68496-90d6-471c-a792-c44e6861d588.jpg,False
561,https://ladi.s3-us-west-2.amazonaws.com/Images/FEMA_CAP/9161/616227/FEMA_Reg_a740078c-aec6-4079-9db7-359e270017ea.jpg,False
562,https://ladi.s3-us-west-2.amazonaws.com/Images/FEMA_CAP/9074/613752/DSC_6677_6ef8fd56-a51d-43e0-97a6-0e1d7d449906.jpg,False
563,https://ladi.s3-us-west-2.amazonaws.com/Images/FEMA_CAP/9075/614080/A001_AP__7022b3d5-967c-45db-8ff1-9f226c70e9a2.jpg,False
564,https://ladi.s3-us-west-2.amazonaws.com/Images/FEMA_CAP/9075/614108/A0068_AP_42e63f23-ab47-400a-b732-4d565225974d.jpg,False
565,https://ladi.s3-us-west-2.amazonaws.com/Images/FEMA_CAP/9096/615132/JoeBell-_b31ca013-4aed-4a4e-a577-5456dc151875.jpg,False
566,https://ladi.s3-us-west-2.amazonaws.com/Images/FEMA_CAP/9075/614100/A0015_AP_7c347f81-7bdb-4707-a98a-8c4f83f88d31.jpg,False
567,https://ladi.s3-us-west-2.amazonaws.com/Images/FEMA_CAP/9161/616227/FEMA_Reg_63a08a6f-2209-4dea-a520-6272b76e5de7.jpg,False
568,https://ladi.s3-us-west-2.amazonaws.com/Images/FEMA_CAP/9075/614086/A0021_AP_c05008e3-6678-41eb-97a1-56de68ff053b.jpg,False
569,https://ladi.s3-us-west-2.amazonaws.com/Images/FEMA_CAP/9073/613531/DSC_0718_1bd34704-9b7c-4b20-b3ef-d9d85ad06253.jpg,False
570,https://ladi.s3-us-west-2.amazonaws.com/Images/FEMA_CAP/9075/614107/A0025_AP_fef36ded-3408-49fd-8f2c-b3940788ddee.jpg,False
571,https://ladi.s3-us-west-2.amazonaws.com/Images/FEMA_CAP/3042/291547/DSC_2414_c4206f49-b1a4-43a8-878a-5e53a51ad102.jpg,False
572,https://ladi.s3-us-west-2.amazonaws.com/Images/FEMA_CAP/9075/614024/A0067AP-_cc9bce5c-f96b-4c6d-b33c-4d015b25c8d1.jpg,False
573,https://ladi.s3-us-west-2.amazonaws.com/Images/FEMA_CAP/9073/613895/DSC_2802_f35d869f-67ec-4eda-80b5-915cd93192a4.jpg,False
574,https://ladi.s3-us-west-2.amazonaws.com/Images/FEMA_CAP/9075/614001/A0027-04_3aec287e-a168-4351-af7e-2d0b6782a64d.jpg,False
575,https://ladi.s3-us-west-2.amazonaws.com/Images/FEMA_CAP/9074/613807/DSC_0322_9de5d68f-4ec0-4cc0-b752-b3736ae1b65d.jpg,False
576,https://ladi.s3-us-west-2.amazonaws.com/Images/FEMA_CAP/9075/614130/A0029_AP_6abc3276-8528-4723-a9cc-6eb0e8bbe11a.jpg,False
577,https://ladi.s3-us-west-2.amazonaws.com/Images/FEMA_CAP/9073/613894/DSC_5264_597c661c-9516-40c3-9db3-457b7bf28847.jpg,False
578,https://ladi.s3-us-west-2.amazonaws.com/Images/FEMA_CAP/9107/616206/DSC_0514_a05c33fb-213a-4096-a6e0-37ddb0dbf4d7.jpg,False
579,https://ladi.s3-us-west-2.amazonaws.com/Images/FEMA_CAP/9073/613927/DSC_1159_df311753-b874-4ed9-83b8-2d0f45c567da.jpg,False
580,https://ladi.s3-us-west-2.amazonaws.com/Images/FEMA_CAP/9099/615274/DSC_6726_f0ad7f11-e4c7-4326-9bb3-0df7d7228a4a.jpg,False
581,https://ladi.s3-us-west-2.amazonaws.com/Images/FEMA_CAP/9075/614143/A0024_AP_d8b4cf7a-3beb-4f5f-9a01-161a4829fc70.jpg,False
582,https://ladi.s3-us-west-2.amazonaws.com/Images/FEMA_CAP/9073/613547/DSC_1999_a3f50dff-a0e9-46c4-9520-6453e6ab355c.jpg,False
583,https://ladi.s3-us-west-2.amazonaws.com/Images/FEMA_CAP/5/614876/DSC_0071_cac250f7-74f0-4232-9c66-e92514acd64a.jpg,False
584,https://ladi.s3-us-west-2.amazonaws.com/Images/FEMA_CAP/9073/613899/DSC_3383_54bc671f-6d30-4d9a-8377-974f122eb501.jpg,False
585,https://ladi.s3-us-west-2.amazonaws.com/Images/FEMA_CAP/9073/613551/DSC_1251_18263431-f0d1-4664-86f2-f743f882a29a.jpg,False
586,https://ladi.s3-us-west-2.amazonaws.com/Images/FEMA_CAP/9073/613829/DSC_8741_875422cf-958a-4ef6-9fdc-117c204d870f.jpg,False
587,https://ladi.s3-us-west-2.amazonaws.com/Images/FEMA_CAP/9075/614044/A0153_AP_e836e5b5-0fd1-467b-a079-b4527894e893.jpg,False
588,https://ladi.s3-us-west-2.amazonaws.com/Images/FEMA_CAP/5/553489/DSC_0020_c551f7b8-fbeb-4894-bf82-740429f72670.jpg,False
589,https://ladi.s3-us-west-2.amazonaws.com/Images/FEMA_CAP/5/616028/AAD_2372_dd6028dc-3897-4aa1-b919-19acd884a47f.jpg,False
590,https://ladi.s3-us-west-2.amazonaws.com/Images/FEMA_CAP/1013/20145/DSC_0035_add5632e-eec2-42a4-a7db-8c42871164c2.jpg,False
591,https://ladi.s3-us-west-2.amazonaws.com/Images/FEMA_CAP/9073/613829/DSC_9777_bbbf80ec-2f7a-4746-98f3-935d76995e5a.jpg,False
592,https://ladi.s3-us-west-2.amazonaws.com/Images/FEMA_CAP/9073/613823/DSC_7716_2fd4dc2c-5e5c-46fa-86c6-8c070eb7ff01.jpg,False
593,https://ladi.s3-us-west-2.amazonaws.com/Images/FEMA_CAP/9096/615129/BrettGro_7b7ec387-5b0b-46e5-86ba-45477abe80da.jpg,False
594,https://ladi.s3-us-west-2.amazonaws.com/Images/FEMA_CAP/5/583534/DSC_5779_0dec0b50-8042-4581-b17e-129fa80aa4c6.jpg,False
595,https://ladi.s3-us-west-2.amazonaws.com/Images/FEMA_CAP/3042/291547/DSC_2225_40dac7e2-c4f3-445c-9212-d8570cb53d61.jpg,False
596,https://ladi.s3-us-west-2.amazonaws.com/Images/FEMA_CAP/9073/613904/CAP_2609_8dbfad42-ac8e-4a8a-ba1c-4655dc4e89ae.jpg,False
597,https://ladi.s3-us-west-2.amazonaws.com/Images/FEMA_CAP/9096/615125/MarkBail_1e7ad38a-eea5-4f1a-8621-bdf77774ca6e.jpg,False
598,https://ladi.s3-us-west-2.amazonaws.com/Images/FEMA_CAP/9073/613899/DSC_5302_a1e62fd5-5120-4b6b-8f1c-eb7f89d0b3c9.jpg,False
599,https://ladi.s3-us-west-2.amazonaws.com/Images/FEMA_CAP/9073/613928/DSC_2390_ba2fd972-c27c-460e-9189-a7293542e224.jpg,False
